Workbook

Sheet MHP Emulator Emitter List
A1: EMITTER_ID | B1: EMITTER_NAME | C1: EMITTER_ID | D1: Amb EID | E1: AEX | F1: DESCRIPTION | G1: ELNOT | H1: SEGMENT_FUNCTION | I1: Threat Display | J1: Threat Priority | K1: Threat Tone | L1: FREQ_LOW | M1: FREQ_HIGH | N1: Freq Range (MHz) | O1: DeltaFreq | P1: FREQ_MOD | Q1: Freq Mod Parameters | R1: PRI_LOW | S1: PRI_HIGH | T1: PRI_Delta | U1: PRI_MOD | V1: PRI Mod Parameters | W1: PW_LOW | X1: PW_HIGH | Y1: PW_Delta | Z1: AZ_SCAN_PERIOD_MIN | AA1: AZ_SCAN_PERIOD_MAX | AB1: SCAN_MODULATION_TYPE | AC1: Dead Time x.xx | AD1: Az Sector Width xxx.x | AE1: Az Slew Rate x.xxxxx | AF1: TIMB xxxx.x | AG1: Az BW xx.x | AH1: El BW xx.x | AI1: Az Bar step xx.x | AJ1: Num Az Pos xxx.x | AK1: Signal BW xxx.x | AL1: ERP (dBm) | AM1: Ant Gain xx.x | AN1: 1st dwn xx.x | AO1: 1st Az Lobe Pos xxx.x | AP1: 2nd dwn xx.x | AQ1: 2nd Az Lobe Pos xxx.x | AR1: Num EL Pos xxx | AS1: El Sector Width xxx.x | AT1: El Slew Rate x.xxxxx | AU1: 1st Lobe Pos xxx.x | AV1: 2nd Lobe Pos xxx.x | AW1: Ant Pol x | AX1: AI x | AY1: Sq or Hex? x | AZ1: Scan Type x | BA1: Locate? x | BB1: MF x | BC1: RF Agile x | BD1: Pd x.xxxxx | BE1: Turn-on Range xxxx.xx | BF1: Bi-Dir Azimuth x | BG1: Bi-Dir Elevation x | BH1: AI Speed xxxxx.x | BI1: Weapons Range (miles) | BJ1: BeamWidth (deg) | BK1: ESM or ESM/RWR | BM1: S/S | BN1: TA | BO1: TT | BP1: TI | BQ1: mmW | BR1: Alert 1 | BS1: Alert 2 | BT1: Alert 3 | BU1: Alert 4 | BV1: 20 Amb | BW1: Notes | BX1: HTW (y/n) | BZ1: Emitter Type (Land, Sea, Air) (Random Assortment, see comment)
A2: 1 | B2: ="EMITTER_"&TEXT(A2,"00") -> EMITTER_01 | C2: 6 | D2: =A2*1000+E2 -> 1001 | E2: 1 | F2: SIMPLE HOSTILE MG | G2: ="Z00"&TEXT(A2,"0")&"Z" -> Z001Z | H2: GUIDANCE_ILLUMINATION | L2: 8000 | M2: 8100 | N2: =M2-L2 -> 100 | O2: =M2-L2 -> 100 | P2: TRIANGLE | Q2: Freq Range 20Mhz, duration 20 msec | R2: 0 | S2: 0 | T2: =S2-R2 -> 0 | U2: CW | W2: 0 | X2: 0 | Y2: =X2-W2 -> 0 | Z2: 0 | AA2: 0 | AB2: STEADY | AC2: 0 | AD2: 0 | AE2: 0 | AF2: 9999 | AG2: 5 | AH2: 5 | AI2: 0 | AJ2: 0 | AK2: 10 | AL2: 90 | AM2: 20 | AN2: 0 | AO2: 0 | AP2: 0 | AQ2: 0 | AR2: 0 | AS2: 0 | AT2: 0 | AU2: 0 | AV2: 0 | AW2: 2 | AX2: 1 | AY2: 0 | AZ2: 8 | BA2: 0 | BB2: 0 | BC2: 1 | BD2: 0.9 | BE2: =2*BI2 -> 40 | BF2: 0 | BG2: 0 | BH2: 700 | BI2: 20 | BJ2: 5 | BK2: ESM/RWR | BM2: 1 | BX2: y | BY2: 2 | BZ2: Airborne
A3: 1 | B3: ="EMITTER_"&TEXT(A3,"00") -> EMITTER_01 | C3: 6 | D3: =A3*1000+E3 -> 1002 | E3: 2 | F3: SIMPLE HOSTILE MG | G3: ="Z00"&TEXT(A3,"0")&"Z" -> Z001Z | H3: GUIDANCE_ILLUMINATION | L3: 8000 | M3: 8100 | N3: =M3-L3 -> 100 | O3: =M3-L3 -> 100 | P3: OOK | Q3: 500 msec ON 50 msec off | R3: 0 | S3: 0 | T3: =S3-R3 -> 0 | U3: CW | W3: 0 | X3: 0 | Y3: =X3-W3 -> 0 | Z3: 0 | AA3: 0 | AB3: STEADY | AC3: 50 | AD3: 0 | AE3: 0 | AF3: 500 | AG3: 10 | AH3: 10 | AI3: 0 | AJ3: 0 | AK3: 10 | AL3: 90 | AM3: 20 | AN3: 0 | AO3: 0 | AP3: 0 | AQ3: 0 | AR3: 0 | AS3: 0 | AT3: 0 | AU3: 0 | AV3: 0 | AW3: 2 | AX3: 1 | AY3: 0 | AZ3: 8 | BA3: 0 | BB3: 0 | BC3: 0 | BD3: 0.9 | BE3: =2*BI3 -> 40 | BF3: 0 | BG3: 0 | BH3: 700 | BI3: 20 | BJ3: 10 | BK3: ESM/RWR | BM3: 1 | BX3: y | BY3: 2 | BZ3: Airborne
A4: 2 | B4: ="EMITTER_"&TEXT(A4,"00") -> EMITTER_02 | C4: =5*A4 -> 10 | D4: =A4*1000+E4 -> 2001 | E4: 1 | F4: Simple HOSTILE TT Emitter | G4: ="Z00"&TEXT(A4,"0")&"Z" -> Z002Z | H4: TRACK | L4: 4600 | M4: 4650 | N4: =M4-L4 -> 50 | O4: =M4-L4 -> 50 | P4: Multibeam | Q4: Both frequencies on at the same time | R4: 580 | S4: 600 | T4: =S4-R4 -> 20 | U4: STAGGER | V4: 2 position stagger (580 600) | W4: 1 | X4: 2 | Y4: =X4-W4 -> 1 | Z4: 0 | AA4: 0 | AB4: STEADY | AC4: 0 | AD4: 0 | AE4: 0 | AF4: 9999 | AG4: 3 | AH4: 3 | AI4: 0 | AJ4: 0 | AK4: 0 | AL4: 120 | AM4: 20 | AN4: 0 | AO4: 0 | AP4: 0 | AQ4: 0 | AR4: 0 | AS4: 0 | AT4: 0 | AU4: 0 | AV4: 0 | AW4: 2 | AX4: 0 | AY4: 0 | AZ4: 8 | BA4: 1 | BB4: 1 | BC4: 0 | BD4: 0.9 | BE4: =2*BI4 -> 24 | BF4: 0 | BG4: 0 | BH4: 0 | BI4: 12 | BJ4: 3 | BK4: ESM/RWR | BO4: 1 | BR4: 1 | BX4: y | BY4: 4 | BZ4: Land
A5: 2 | B5: ="EMITTER_"&TEXT(A5,"00") -> EMITTER_02 | C5: =5*A5 -> 10 | D5: =A5*1000+E5 -> 2011 | E5: 11 | F5: Simple HOSTILE TT Emitter | G5: ="Z00"&TEXT(A5,"0")&"Z" -> Z002Z | H5: TRACK | L5: 9200 | M5: 9300 | N5: =M5-L5 -> 100 | O5: =M5-L5 -> 100 | P5: Multibeam | R5: 580 | S5: 600 | T5: =S5-R5 -> 20 | U5: STAGGER | V5: 2 position stagger (580 600) Sync wit F1 | W5: 1 | X5: 2 | Y5: =X5-W5 -> 1 | Z5: 0 | AA5: 0 | AB5: STEADY | AC5: 0 | AD5: 0 | AE5: 0 | AF5: 9999 | AG5: 3 | AH5: 3 | AI5: 0 | AJ5: 0 | AK5: 0 | AL5: 120 | AM5: 20 | AN5: 0 | AO5: 0 | AP5: 0 | AQ5: 0 | AR5: 0 | AS5: 0 | AT5: 0 | AU5: 0 | AV5: 0 | AW5: 2 | AX5: 0 | AY5: 0 | AZ5: 8 | BA5: 1 | BB5: 0 | BC5: 0 | BD5: 0.9 | BE5: =2*BI5 -> 24 | BF5: 0 | BG5: 0 | BH5: 0 | BI5: 12 | BJ5: 3 | BK5: ESM/RWR | BM5: 1 | BX5: y | BY5: 4 | BZ5: Land
A6: 3 | B6: ="EMITTER_"&TEXT(A6,"00") -> EMITTER_03 | C6: =5*A6 -> 15 | D6: =A6*1000+E6 -> 3001 | E6: 1 | F6: Simple HOSTILE TA/TT/MG Emitter - TA displayed | G6: ="Z00"&TEXT(A6,"0")&"Z" -> Z003Z | H6: SEARCH | L6: 9900 | M6: 9950 | N6: =M6-L6 -> 50 | O6: =M6-L6 -> 50 | P6: STABLE | R6: 20 | S6: 49 | T6: =S6-R6 -> 29 | U6: AGILE | V6: 3 PRI (20 31 49) Dwell for 400 258 163 pulses respectively) | W6: 10 | X6: 11 | Y6: =X6-W6 -> 1 | Z6: 2.9 | AA6: 2.9 | AB6: TRACK WHILE SCAL | AC6: 0 | AD6: 60 | AE6: 0 | AF6: 23.985 | AG6: 2 | AH6: 2 | AI6: 2 | AJ6: 30 | AK6: 0 | AL6: 92 | AM6: 20 | AN6: 0 | AO6: 0 | AP6: 0 | AQ6: 0 | AR6: 4 | AS6: 8 | AT6: 0 | AU6: 0 | AV6: 0 | AW6: 2 | AX6: 1 | AY6: 0 | AZ6: 4 | BA6: 0 | BB6: 0 | BC6: 0 | BD6: 0.9 | BE6: =2*BI6 -> 30 | BF6: 1 | BG6: 0 | BH6: 700 | BI6: 15 | BJ6: 2 | BK6: ESM/RWR | BM6: 1 | BX6: n | BY6: ="Approx "&TEXT((3*AA6),0)&" (3*SP)" -> Approx 9 (3*SP) | BZ6: Airborne
A7: 3 | B7: ="EMITTER_"&TEXT(A7,"00") -> EMITTER_03 | C7: =5*A7 -> 15 | D7: =A7*1000+E7 -> 3002 | E7: 2 | F7: Simple HOSTILE TA/TT/MG Emitter - TT displayed | G7: ="Z00"&TEXT(A7,"0")&"Z" -> Z003Z | H7: TRACK | L7: 9900 | M7: 9950 | N7: =M7-L7 -> 50 | O7: =M7-L7 -> 50 | P7: STABLE | R7: 20 | S7: 50 | T7: =S7-R7 -> 30 | U7: STABLE | W7: 1 | X7: 2 | Y7: =X7-W7 -> 1 | Z7: 0 | AA7: 0 | AB7: STEADY | AC7: 0 | AD7: 0 | AE7: 0 | AF7: 9999 | AG7: 2 | AH7: 2 | AI7: 0 | AJ7: 0 | AK7: 0 | AL7: 92 | AM7: 20 | AN7: 0 | AO7: 0 | AP7: 0 | AQ7: 0 | AR7: 0 | AS7: 0 | AT7: 0 | AU7: 0 | AV7: 0 | AW7: 2 | AX7: 1 | AY7: 0 | AZ7: 8 | BA7: 0 | BB7: 0 | BC7: 0 | BD7: 0.9 | BE7: =2*BI7 -> 30 | BF7: 0 | BG7: 0 | BH7: 700 | BI7: 15 | BJ7: 2 | BK7: ESM/RWR | BM7: 1 | BR7: 1 | BX7: y | BY7: 4 | BZ7: Airborne
A8: 3 | B8: ="EMITTER_"&TEXT(A8,"00") -> EMITTER_03 | C8: =5*A8 -> 15 | D8: =A8*1000+E8 -> 3003 | E8: 3 | F8: Simple HOSTILE TA/TT/MG Emitter - MG displayed | G8: ="Z00"&TEXT(A8,"0")&"Z" -> Z003Z | H8: GUIDANCE_ILLUMINATION | L8: 9900 | M8: 9950 | N8: =M8-L8 -> 50 | O8: =M8-L8 -> 50 | P8: STABLE | R8: 9 | S8: 72 | T8: =S8-R8 -> 63 | U8: STABLE | W8: 1 | X8: 5 | Y8: =X8-W8 -> 4 | Z8: 0 | AA8: 0 | AB8: STEADY | AC8: 0 | AD8: 0 | AE8: 0 | AF8: 9999 | AG8: 2 | AH8: 2 | AK8: 0 | AL8: 92 | AM8: 20 | AN8: 0 | AO8: 0 | AP8: 0 | AQ8: 0 | AR8: 0 | AS8: 0 | AT8: 0 | AU8: 0 | AV8: 0 | AW8: 2 | AX8: 1 | AY8: 0 | AZ8: 8 | BA8: 0 | BB8: 0 | BC8: 0 | BD8: 0.9 | BE8: =2*BI8 -> 30 | BF8: 0 | BG8: 0 | BH8: 700 | BI8: 15 | BJ8: 2 | BK8: ESM/RWR | BM8: 1 | BR8: 1 | BX8: y | BY8: 2 | BZ8: Airborne
A9: 4 | B9: ="EMITTER_"&TEXT(A9,"00") -> EMITTER_04 | C9: =5*A9 -> 20 | D9: =A9*1000+E9 -> 4001 | E9: 1 | F9: Simple HOSTILE S Emitter TA | G9: ="Z00"&TEXT(A9,"0")&"Z" -> Z004Z | H9: SEARCH | L9: 2200 | M9: 2250 | N9: =M9-L9 -> 50 | O9: =M9-L9 -> 50 | P9: STABLE | R9: 2000 | S9: 2400 | T9: =S9-R9 -> 400 | U9: STAGGER | V9: 2 Posn Stagger (2000 2400) | W9: 5 | X9: 7 | Y9: =X9-W9 -> 2 | Z9: 7 | AA9: 7 | AB9: MAB | AC9: 0 | AD9: 120 | AE9: 0 | AF9: 0 | AG9: 5 | AH9: 8 | AI9: 0 | AJ9: 0 | AK9: 0 | AL9: 120 | AM9: 25 | AN9: 0 | AO9: 0 | AP9: 0 | AQ9: 0 | AR9: 3 | AS9: 24 | AT9: 0 | AU9: 0 | AV9: 0 | AW9: 2 | AX9: 0 | AY9: 0 | AZ9: 7 | BA9: 1 | BB9: 0 | BC9: 0 | BD9: 0.9 | BE9: =2*BI9 -> 20 | BF9: 1 | BG9: 0 | BH9: 0 | BI9: 10 | BJ9: 5 | BK9: ESM/RWR | BP9: 1 | BR9: 1 | BS9: 1 | BX9: n | BY9: ="Approx "&TEXT((3*AA9),0)&" (3*SP)" -> Approx 21 (3*SP) | BZ9: Land
A10: 4 | B10: ="EMITTER_"&TEXT(A10,"00") -> EMITTER_04 | C10: =5*A10 -> 20 | D10: =A10*1000+E10 -> 4002 | E10: 2 | F10: Simple HOSTILE S Emitter TA | G10: ="Z00"&TEXT(A10,"0")&"Z" -> Z004Z | H10: SEARCH | L10: 2200 | M10: 2555 | N10: =M10-L10 -> 355 | O10: =M10-L10 -> 355 | P10: STABLE | R10: 2500 | S10: 2500 | T10: =S10-R10 -> 0 | U10: STABLE | W10: 5 | X10: 7 | Y10: =X10-W10 -> 2 | Z10: 7 | AA10: 7 | AB10: MAB | AC10: 0 | AD10: 120 | AE10: 0 | AF10: 0 | AG10: 5 | AH10: 8 | AI10: 0 | AJ10: 0 | AK10: 0 | AL10: 120 | AM10: 25 | AN10: 0 | AO10: 0 | AP10: 0 | AQ10: 0 | AR10: 3 | AS10: 24 | AT10: 0 | AU10: 0 | AV10: 0 | AW10: 2 | AX10: 0 | AY10: 0 | AZ10: 7 | BA10: 1 | BB10: 0 | BC10: 0 | BD10: 0.9 | BE10: =2*BI10 -> 20 | BF10: 1 | BG10: 0 | BH10: 0 | BI10: 10 | BJ10: 5 | BK10: ESM/RWR | BP10: 1 | BR10: 1 | BS10: 1 | BX10: n | BY10: ="Approx "&TEXT((3*AA10),0)&" (3*SP)" -> Approx 21 (3*SP) | BZ10: Land
A11: 5 | B11: ="EMITTER_"&TEXT(A11,"00") -> EMITTER_05 | C11: =5*A11 -> 25 | D11: =A11*1000+E11 -> 5001 | E11: 1 | F11: Simple HOSTILE EW Emitter | G11: ="Z00"&TEXT(A11,"0")&"Z" -> Z005Z | H11: EARLY_WARNING_GCI | L11: 1225 | M11: 1300 | N11: =M11-L11 -> 75 | O11: =M11-L11 -> 75 | P11: FMOP | Q11: Freq Range 10Mhz | R11: 1800 | S11: 2250 | T11: =S11-R11 -> 450 | U11: STAGGER | V11: 3 Posn Stagger (1800 2250 1954) | W11: 28 | X11: 29 | Y11: =X11-W11 -> 1 | Z11: 20 | AA11: 20 | AB11: MAU | AC11: 0 | AD11: 360 | AE11: 0 | AF11: 0 | AG11: 2 | AH11: 3 | AI11: 0 | AJ11: 0 | AK11: 10 | AL11: 100 | AM11: 20 | AN11: 0 | AO11: 0 | AP11: 0 | AQ11: 0 | AR11: 0 | AS11: 0 | AT11: 0 | AU11: 0 | AV11: 0 | AW11: 3 | AX11: 0 | AZ11: 0 | BA11: 1 | BD11: 0.9 | BE11: 30 | BF11: 0 | BG11: 0 | BH11: 0 | BI11: NA | BJ11: 2 | BK11: ESM | BO11: 1 | BR11: 1 | BX11: n | BY11: ="Approx "&TEXT((3*AA11),0)&" (3*SP)" -> Approx 60 (3*SP) | BZ11: Land
A12: 6 | B12: ="EMITTER_"&TEXT(A12,"00") -> EMITTER_06 | C12: =5*A12 -> 30 | D12: =A12*1000+E12 -> 6001 | E12: 1 | F12: Simple NEUTRAL S Emitter | G12: ="Z00"&TEXT(A12,"0")&"Z" -> Z006Z | H12: SEARCH | L12: 2500 | M12: 2550 | N12: =M12-L12 -> 50 | O12: =M12-L12 -> 50 | P12: STABLE | R12: 2500 | S12: 2550 | T12: =S12-R12 -> 50 | U12: STABLE | W12: 3 | X12: 5 | Y12: =X12-W12 -> 2 | Z12: 10 | AA12: 10 | AB12: MAU | AC12: 0 | AD12: 360 | AE12: 0 | AF12: 0 | AG12: 2 | AH12: 8 | AI12: 0 | AJ12: 0 | AK12: 0 | AL12: 110 | AM12: 20 | AN12: 0 | AO12: 0 | AP12: 0 | AQ12: 0 | AR12: 0 | AS12: 0 | AT12: 0 | AU12: 0 | AV12: 0 | AW12: 3 | AX12: 0 | AY12: 0 | AZ12: 0 | BA12: 1 | BB12: 1 | BC12: 0 | BD12: 0.9 | BE12: 30 | BF12: 0 | BG12: 0 | BH12: 0 | BI12: NA | BJ12: 2 | BK12: ESM | BM12: 1 | BX12: n | BY12: ="Approx "&TEXT((3*AA12),0)&" (3*SP)" -> Approx 30 (3*SP) | BZ12: Land
A13: 6 | B13: ="EMITTER_"&TEXT(A13,"00") -> EMITTER_06 | C13: =5*A13 -> 30 | D13: =A13*1000+E13 -> 6002 | E13: 2 | F13: Simple NEUTRAL S Emitter | G13: ="Z00"&TEXT(A13,"0")&"Z" -> Z006Z | H13: SEARCH | L13: 2700 | M13: 2749 | N13: =M13-L13 -> 49 | O13: =M13-L13 -> 49 | P13: AGILE | Q13: 4 Freq (2700 2722 2737 2749) Pulse to pulse Freq Agile | R13: 2500 | S13: 2550 | T13: =S13-R13 -> 50 | U13: STABLE | W13: 3 | X13: 5 | Y13: =X13-W13 -> 2 | Z13: 10 .5 | AA13: 10 .5 | AB13: MAU | AD13: 30 | AE13: 0 | AG13: 2 | AH13: 2 | AI13: 0 | AJ13: 0 | AK13: 0 | AL13: 110 | AM13: 20 | AN13: 0 | AO13: 0 | AP13: 0 | AQ13: 0 | AR13: 0 | AS13: 20 | AT13: 0 | AU13: 0 | AV13: 0 | AW13: 3 | AX13: 0 | AY13: 0 | AZ13: 5 | BA13: 1 | BB13: 1 | BC13: 1 | BD13: 0.9 | BE13: 30 | BF13: 0 | BG13: 0 | BH13: 0 | BI13: NA | BJ13: 5 | BK13: ESM | BM13: 1 | BX13: n | BY13: ="Approx "&TEXT(30,0)&" (3*SP)" -> Approx 30 (3*SP) | BZ13: Land
A14: 7 | B14: ="EMITTER_"&TEXT(A14,"00") -> EMITTER_07 | C14: =5*A14 -> 35 | D14: =A14*1000+E14 -> 7001 | E14: 1 | F14: Simple HOSTILE TT EMITTER | G14: ="Z00"&TEXT(A14,"0")&"Z" -> Z007Z | H14: TRACK | L14: 8000 | M14: 8050 | N14: =M14-L14 -> 50 | O14: =M14-L14 -> 50 | P14: SINUSOIDAL | Q14: Freq range 20MHz period 16 msec | R14: 0 | S14: 0 | T14: =S14-R14 -> 0 | U14: CW | W14: 0 | X14: 0 | Y14: =X14-W14 -> 0 | Z14: 0 | AA14: 0 | AB14: STEADY | AC14: 0 | AD14: 0 | AE14: 0 | AF14: 9999 | AG14: 5 | AH14: 5 | AI14: 0 | AJ14: =AD14/AG14 -> 0 | AK14: 20 | AL14: 95 | AM14: 20 | AN14: 0 | AO14: 0 | AP14: 0 | AQ14: 0 | AR14: 0 | AS14: 0 | AT14: 0 | AU14: 0 | AV14: 0 | AW14: 2 | AX14: 0 | AY14: 0 | AZ14: 8 | BA14: 1 | BB14: 0 | BC14: 1 | BD14: 0.9 | BE14: =2*BI14 -> 24 | BF14: 0 | BG14: 0 | BH14: 0 | BI14: 12 | BJ14: 5 | BK14: ESM/RWR | BM14: 1 | BX14: y | BY14: 4 | BZ14: Land
A15: 8 | B15: ="EMITTER_"&TEXT(A15,"00") -> EMITTER_08 | C15: =5*A15 -> 40 | D15: =A15*1000+E15 -> 8001 | E15: 1 | F15: Simple FRIENDLY TA Emitter | G15: ="Z00"&TEXT(A15,"0")&"Z" -> Z008Z | H15: SEARCH_ACQUISITION | L15: 5500 | M15: 5700 | N15: =M15-L15 -> 200 | O15: =M15-L15 -> 200 | P15: STABLE | R15: 450 | S15: 510 | T15: =S15-R15 -> 60 | U15: STAGGER | V15: 4 Posn Stagger (450 470 490 510) | W15: 1 | X15: 4 | Y15: =X15-W15 -> 3 | Z15: 4 | AA15: 4 | AB15: MAU | AC15: 0 | AD15: 360 | AE15: 0 | AF15: 0 | AG15: 3 | AH15: 3 | AI15: 0 | AJ15: 0 | AK15: 0 | AL15: 100 | AM15: 25 | AN15: 0 | AO15: 0 | AP15: 0 | AQ15: 0 | AR15: 0 | AS15: 0 | AT15: 0 | AU15: 0 | AV15: 0 | AW15: 2 | AX15: 0 | AY15: 0 | AZ15: 0 | BA15: 1 | BB15: 0 | BC15: 1 | BD15: 0.9 | BE15: 30 | BF15: 0 | BG15: 0 | BH15: 0 | BI15: NA | BJ15: 3 | BK15: ESM/RWR | BM15: 1 | BX15: n | BY15: ="Approx "&TEXT((2*AA15),0)&" (2*SP)" -> Approx 8 (2*SP) | BZ15: Land
A16: 8 | B16: ="EMITTER_"&TEXT(A16,"00") -> EMITTER_08 | C16: =5*A16 -> 40 | D16: =A16*1000+E16 -> 8002 | E16: 2 | F16: Simple FRIENDLY TA Emitter | G16: ="Z00"&TEXT(A16,"0")&"Z" -> Z008Z | H16: SEARCH_ACQUISITION | L16: 5700 | M16: 5800 | N16: =M16-L16 -> 100 | O16: =M16-L16 -> 100 | P16: STABLE | R16: 450 | S16: 510 | T16: =S16-R16 -> 60 | U16: STAGGER | V16: 4 Posn Stagger (450 470 490 510) | W16: 1 | X16: 4 | Y16: =X16-W16 -> 3 | Z16: 4 | AA16: 4 | AB16: MAU | AC16: 0 | AD16: 30 | AE16: 0 | AF16: 0 | AG16: 3 | AH16: 3 | AI16: 0 | AJ16: 0 | AK16: 0 | AL16: 100 | AM16: 25 | AN16: 0 | AO16: 0 | AP16: 0 | AQ16: 0 | AR16: 0 | AS16: 0 | AT16: 0 | AU16: 0 | AV16: 0 | AW16: 2 | AX16: 0 | AY16: 0 | AZ16: 0 | BA16: 1 | BB16: 0 | BC16: 1 | BD16: 0.9 | BE16: 30 | BF16: 0 | BG16: 0 | BH16: 0 | BI16: NA | BJ16: 3 | BK16: ESM/RWR | BM16: 1 | BX16: n | BY16: ="Approx "&TEXT((2*AA16),0)&" (2*SP)" -> Approx 8 (2*SP) | BZ16: Land
A17: 8 | B17: ="EMITTER_"&TEXT(A17,"00") -> EMITTER_08 | C17: =5*A17 -> 40 | D17: =A17*1000+E17 -> 8003 | E17: 3 | F17: Simple FRIENDLY TA Emitter | G17: ="Z00"&TEXT(A17,"0")&"Z" -> Z008Z | H17: TRACK | L17: 5810 | M17: 5900 | N17: =M17-L17 -> 90 | O17: =M17-L17 -> 90 | P17: STABLE | R17: 450 | S17: 510 | T17: =S17-R17 -> 60 | U17: STAGGER | V17: 4 Posn Stagger (450 470 490 510) | W17: 1 | X17: 4 | Y17: =X17-W17 -> 3 | Z17: 0 | AA17: 0 | AB17: STEADY | AC17: 0 | AD17: 0 | AE17: 0 | AF17: 0 | AG17: 3 | AH17: 3 | AI17: 0 | AJ17: 0 | AK17: 0 | AL17: 100 | AM17: 25 | AN17: 0 | AO17: 0 | AP17: 0 | AQ17: 0 | AR17: 0 | AS17: 0 | AT17: 0 | AU17: 0 | AV17: 0 | AW17: 2 | AX17: 0 | AY17: 0 | AZ17: 8 | BA17: 1 | BB17: 0 | BC17: 1 | BD17: 0.9 | BE17: 30 | BF17: 0 | BG17: 0 | BH17: 0 | BI17: NA | BJ17: 3 | BK17: ESM/RWR | BM17: 1 | BX17: n | BY17: 4 | BZ17: Land
A18: 9 | B18: ="EMITTER_"&TEXT(A18,"00") -> EMITTER_09 | C18: =5*A18 -> 45 | D18: =A18*1000+E18 -> 9001 | E18: 1 | F18: Simple HOSTILE TA/TT/MG Emitter - TA displayed | G18: ="Z10"&TEXT(A18,"0")&"A" -> Z109A | H18: SEARCH_ACQUISITION | L18: 7500 | M18: 8000 | N18: =M18-L18 -> 500 | O18: =M18-L18 -> 500 | P18: SINUSOIDAL | Q18: 500 MHz freq range 100 pulse sinusoid | R18: 250 | S18: 280 | T18: =S18-R18 -> 30 | U18: STAGGER | V18: 2 posn Stagger (250 280) | W18: 11 | X18: 15 | Y18: =X18-W18 -> 4 | Z18: 3.05 | AA18: 3.05 | AB18: RANDOM | AC18: 0 | AD18: 120 | AE18: 0 | AF18: 21.2 | AG18: 5 | AH18: 5 | AI18: 5 | AJ18: =AD18/AG18 -> 24 | AK18: 500 | AL18: 120 | AM18: 20 | AN18: 0 | AO18: 0 | AP18: 0 | AQ18: 0 | AR18: 6 | AS18: 30 | AT18: 0 | AU18: 0 | AV18: 0 | AW18: 2 | AX18: 0 | AY18: 0 | AZ18: 1 | BA18: 1 | BB18: 1 | BC18: 1 | BD18: 0.9 | BE18: =2*BI18 -> 28 | BF18: 0 | BG18: 0 | BH18: 0 | BI18: 14 | BJ18: 5 | BK18: ESM/RWR | BM18: 1 | BW18: Search mode, 1 of 2. T/G mode can be present at the same time. ESM to correlate to a single emitter. | BX18: n | BY18: ="Approx "&TEXT((2*AA18),0)&" (2*SP)" -> Approx 6 (2*SP) | BZ18: Sea
A19: 9 | B19: ="EMITTER_"&TEXT(A19,"00") -> EMITTER_09 | C19: =5*A19 -> 45 | D19: =A19*1000+E19 -> 9002 | E19: 2 | F19: Simple HOSTILE TA/TT/MG Emitter - TA displayed | G19: ="Z10"&TEXT(A19,"0")&"A" -> Z109A | H19: SEARCH_ACQUISITION | L19: 7500 | M19: 8000 | N19: =M19-L19 -> 500 | O19: =M19-L19 -> 500 | P19: SINUSOIDAL | Q19: 500 MHz freq range 100 pulse sinusoid | R19: 222 | S19: 233 | T19: =S19-R19 -> 11 | U19: STABLE | W19: 11 | X19: 15 | Y19: =X19-W19 -> 4 | Z19: 2.68 | AA19: 2.68 | AB19: RANDOM | AC19: 0 | AD19: 120 | AE19: 0 | AF19: 18.64 | AG19: 5 | AH19: 5 | AI19: 5 | AJ19: =AD19/AG19 -> 24 | AK19: 500 | AL19: 120 | AM19: 20 | AN19: 0 | AO19: 0 | AP19: 0 | AQ19: 0 | AR19: 6 | AS19: 30 | AT19: 0 | AU19: 0 | AV19: 0 | AW19: 2 | AX19: 0 | AY19: 0 | AZ19: 1 | BA19: 1 | BB19: 1 | BC19: 1 | BD19: 0.9 | BE19: =2*BI19 -> 28 | BF19: 0 | BG19: 0 | BH19: 0 | BI19: 14 | BJ19: 5 | BK19: ESM/RWR | BM19: 1 | BR19: 1 | BW19: Track antenna is separate from search_acq antenna. | BX19: y | BY19: 2 | BZ19: Sea
A20: 9 | B20: ="EMITTER_"&TEXT(A20,"00") -> EMITTER_09 | C20: =5*A20 -> 45 | D20: =A20*1000+E20 -> 9001 | E20: 1 | F20: Simple HOSTILE TA/TT/MG Emitter - TT/MG displayed | G20: ="Z110"&"A" -> Z110A | H20: TRACK_GUIDANCE | L20: 15000 | M20: 15240 | N20: =M20-L20 -> 240 | O20: =M20-L20 -> 240 | P20: STABLE | R20: 90 | S20: 100 | T20: =S20-R20 -> 10 | U20: STABLE | V20: Stable PRI with Doublets inserted between pulses. Az Cmd 3usec doublet, El Cmd 5usec doublet, in mid 80% of alternating PRI. | W20: 1 | X20: 2 | Y20: =X20-W20 -> 1 | Z20: 0 | AA20: 0 | AB20: STEADY | AC20: 0 | AD20: 0 | AE20: 0 | AF20: 9999 | AG20: 5 | AH20: 5 | AI20: 0 | AJ20: =AD20/AG20 -> 0 | AK20: 0 | AL20: 120 | AM20: 20 | AN20: 0 | AO20: 0 | AP20: 0 | AQ20: 0 | AR20: 0 | AS20: 0 | AT20: 0 | AU20: 0 | AV20: 0 | AW20: 2 | AX20: 0 | AY20: 0 | AZ20: 8 | BA20: 1 | BB20: 1 | BC20: 1 | BD20: 0.9 | BE20: =2*BI20 -> 28 | BF20: 0 | BG20: 0 | BH20: 0 | BI20: 14 | BJ20: 5 | BK20: ESM/RWR | BM20: 1 | BX20: n | BY20: ="Approx "&TEXT((2*AA20),0)&" (2*SP)" -> Approx 0 (2*SP) | BZ20: Sea
A21: 10 | B21: ="EMITTER_"&TEXT(A21,"0") -> EMITTER_10 | C21: =5*A21 -> 50 | D21: =A21*1000+E21 -> 10001 | E21: 1 | F21: Simple HOSTILE TA/TT/MG Emitter - TA displayed | G21: Z111A | H21: ACQUISITION | L21: 7000 | M21: 7200 | N21: =M21-L21 -> 200 | O21: =M21-L21 -> 200 | P21: STABLE | R21: 300 | S21: 400 | T21: =S21-R21 -> 100 | U21: STABLE | W21: 0.3 | X21: 0.4 | Y21: =X21-W21 -> 0.1 | Z21: 2 | AA21: 2 | AB21: MAU | AC21: 0 | AD21: 100 | AE21: 0 | AF21: 0 | AG21: 3 | AH21: 3 | AI21: 0 | AJ21: 0 | AK21: 0 | AL21: 100 | AM21: 25 | AN21: 0 | AO21: 0 | AP21: 0 | AQ21: 0 | AR21: 0 | AS21: 0 | AT21: 0 | AU21: 0 | AV21: 0 | AW21: 5 | AX21: 0 | AY21: 1 | AZ21: 0 | BA21: 1 | BB21: 1 | BC21: 0 | BD21: 0.9 | BE21: =2*BI21 -> 24 | BF21: 0 | BG21: 0 | BH21: 0 | BI21: 12 | BJ21: 3 | BK21: ESM/RWR | BM21: 1 | BX21: n | BY21: ="Approx "&TEXT((2*AA21),0)&" (2*SP)" -> Approx 4 (2*SP) | BZ21: Sea
A22: 10 | B22: ="EMITTER_"&TEXT(A22,"0") -> EMITTER_10 | C22: =5*A22 -> 50 | D22: =A22*1000+E22 -> 10003 | E22: 3 | F22: Simple HOSTILE TA/TT/MG Emitter - MG displayed | G22: Z113A | H22: GUIDANCE_ILLUMINATION | L22: 12000 | M22: 12010 | N22: =M22-L22 -> 10 | O22: =M22-L22 -> 10 | P22: STABLE | R22: 1550 | S22: 1580 | T22: =S22-R22 -> 30 | U22: STABLE | V22: Stable PRI with Triplets inserted between pulses. Az Cmd 3/3usec triplet, El Cmd 3/5usec triplet, in mid 80% of PRI. Both triplets in every PRI. Triplet PW 1usec. | W22: 3 | X22: 3.5 | Y22: =X22-W22 -> 0.5 | Z22: 0 | AA22: 0 | AB22: STEADY | AC22: 0 | AD22: 0 | AE22: 0 | AF22: 9999 | AG22: 3 | AH22: 3 | AI22: 0 | AJ22: 0 | AK22: 0 | AL22: 104 | AM22: 25 | AN22: 0 | AO22: 0 | AP22: 0 | AQ22: 0 | AR22: 10 | AS22: 3 | AT22: 0 | AU22: 0 | AV22: 0 | AW22: 5 | AX22: 0 | AY22: 1 | AZ22: 8 | BA22: 1 | BB22: 1 | BC22: 0 | BD22: 0.9 | BE22: =2*BI22 -> 24 | BF22: 0 | BG22: 0 | BH22: 0 | BI22: 12 | BJ22: 3 | BK22: ESM/RWR | BM22: 1 | BV22: 1 | BX22: y | BY22: 4 | BZ22: Sea
A23: 10 | B23: ="EMITTER_"&TEXT(A23,"0") -> EMITTER_10 | C23: =5*A23 -> 50 | D23: =A23*1000+E23 -> 10002 | E23: 2 | F23: Simple HOSTILE TA/TT/MG Emitter - TT displayed | G23: Z112A | H23: TRACK | L23: 15000 | M23: 15200 | N23: =M23-L23 -> 200 | O23: =M23-L23 -> 200 | P23: STABLE | R23: 300 | S23: 400 | T23: =S23-R23 -> 100 | U23: STABLE | W23: 0.3 | X23: 0.44 | Y23: =X23-W23 -> 0.14 | Z23: 0 | AA23: 0 | AB23: STEADY | AC23: 0 | AD23: 0 | AE23: 0 | AF23: 9999 | AG23: 3 | AH23: 3 | AI23: 0 | AJ23: 0 | AK23: 0 | AL23: 105 | AM23: 25 | AN23: 0 | AO23: 0 | AP23: 0 | AQ23: 0 | AR23: 10 | AS23: 3 | AT23: 0 | AU23: 0 | AV23: 0 | AW23: 5 | AX23: 0 | AY23: 1 | AZ23: 8 | BA23: 1 | BB23: 1 | BC23: 0 | BD23: 0.9 | BE23: =2*BI23 -> 24 | BF23: 0 | BG23: 0 | BH23: 0 | BI23: 12 | BJ23: 3 | BK23: ESM/RWR | BM23: 1 | BR23: 1 | BX23: y | BY23: 2 | BZ23: Sea
A24: 11 | B24: ="EMITTER_"&TEXT(A24,"0") -> EMITTER_11 | C24: =5*A24 -> 55 | D24: =A24*1000+E24 -> 11001 | E24: 1 | F24: Simple HOSTILE AAA | G24: ="Z0"&TEXT(A24,"0")&"Z" -> Z011Z | H24: SEARCH_ACQUISITION | L24: 16000 | M24: 16200 | N24: =M24-L24 -> 200 | O24: =M24-L24 -> 200 | P24: AGILE | Q24: Random Pulse to pulse agile within Freq range | R24: 200 | S24: 300 | T24: =S24-R24 -> 100 | U24: AGILE | V24: 16 posn stagger(200 289 212 299 240 253 206 300 230 277 213 250 216 288 211 287) | W24: 0.7 | X24: 0.8 | Y24: =X24-W24 -> 0.1 | Z24: 15 | AA24: 15 | AB24: MAU | AC24: 0 | AD24: 360 | AE24: 0 | AF24: 0 | AG24: 3 | AH24: 5 | AI24: 0 | AJ24: 0 | AK24: 200? | AL24: 120 | AM24: 20 | AN24: 0 | AO24: 0 | AP24: 0 | AQ24: 0 | AR24: 0 | AS24: 0 | AT24: 0 | AU24: 0 | AV24: 0 | AW24: 1 | AX24: 0 | AY24: 1 | AZ24: 0 | BA24: 1 | BB24: 0 | BC24: 1 | BD24: 0.9 | BE24: =2*BI24 -> 6 | BF24: 0 | BG24: 0 | BH24: 0 | BI24: 3 | BJ24: 3 | BK24: ESM/RWR | BM24: 1 | BV24: 1 | BX24: n | BY24: ="Approx "&TEXT((2*AA24),0)&" (2*SP)" -> Approx 30 (2*SP) | BZ24: Land
A25: 11 | B25: ="EMITTER_"&TEXT(A25,"0") -> EMITTER_11 | C25: =5*A25 -> 55 | D25: =A25*1000+E25 -> 11002 | E25: 2 | F25: Simple HOSTILE AAA | G25: ="Z0"&TEXT(A25,"0")&"Z" -> Z011Z | H25: FIRE_CONTROL | L25: 16000 | M25: 16200 | N25: =M25-L25 -> 200 | O25: =M25-L25 -> 200 | P25: AGILE | Q25: +++++--++-+-+ 13 phase shifts per pulse width evenly spaced | R25: 200 | S25: 249 | T25: =S25-R25 -> 49 | U25: AGO;E | V25: 4 PRI (200 249 211 237) Dwell for 50 pulses each) | W25: 10 | X25: 12 | Y25: =X25-W25 -> 2 | Z25: 3.6 | AA25: 3.6 | AB25: EAB | AC25: 0 | AD25: 60 | AE25: 0 | AF25: 44.85 | AG25: 3 | AH25: 4 | AI25: 3 | AJ25: 20 | AK25: 200? | AL25: 120 | AM25: 20 | AN25: 0 | AO25: 0 | AP25: 0 | AQ25: 0 | AR25: 4 | AS25: 16 | AT25: 0 | AU25: 0 | AV25: 0 | AW25: 1 | AX25: 0 | AY25: 1 | AZ25: 2 | BA25: 1 | BB25: 0 | BC25: 1 | BD25: 0.9 | BE25: =2*BI25 -> 6 | BF25: 0 | BG25: 1 | BH25: 0 | BI25: 3 | BJ25: 3 | BK25: ESM/RWR | BM25: 1 | BV25: 1 | BX25: y | BY25: ="Approx "&TEXT((3*AA25),0)&" (3*SP)" -> Approx 11 (3*SP) | BZ25: Land
A26: 12 | B26: ="EMITTER_"&TEXT(A26,"0") -> EMITTER_12 | C26: =5*A26 -> 60 | D26: =A26*1000+E26 -> 12001 | E26: 1 | F26: Simple HOSTILE S/TA Emitter | G26: Z114A | H26: ACQUISITION | L26: 2100 | M26: 2180 | N26: =M26-L26 -> 80 | O26: =M26-L26 -> 80 | P26: STABLE | R26: 100 | S26: 120 | T26: =S26-R26 -> 20 | U26: STABLE | W26: 1 | X26: 2 | Y26: =X26-W26 -> 1 | Z26: 1 | AA26: 1 | AB26: MAU | AC26: 0 | AD26: 360 | AE26: 0 | AG26: 3 | AH26: 10 | AI26: 0 | AJ26: 0 | AK26: 0 | AL26: 100 | AM26: 25 | AN26: 0 | AO26: 0 | AP26: 0 | AQ26: 0 | AR26: 0 | AS26: 0 | AT26: 0 | AU26: 0 | AV26: 0 | AW26: 1 | AX26: 0 | AY26: 1 | AZ26: 0 | BA26: 1 | BB26: 0 | BC26: 0 | BD26: 0.9 | BE26: =2*BI26 -> 20 | BF26: 0 | BG26: 0 | BH26: 0 | BI26: 10 | BJ26: 10 | BK26: ESM/RWR | BO26: 1 | BR26: 1 | BW26: Search mode, 1 of 2. T/G mode can be present at the same time. ESM to correlate to a single emitter. | BX26: n | BY26: ="Approx "&TEXT((2*AA26),0)&" (2*SP)" -> Approx 2 (2*SP) | BZ26: Sea
A27: 12 | B27: ="EMITTER_"&TEXT(A27,"0") -> EMITTER_12 | C27: =5*A27 -> 60 | D27: =A27*1000+E27 -> 12002 | E27: 2 | F27: Simple HOSTILE S/TA Emitter | G27: Z115A | H27: ACQUISITION | L27: 2180 | M27: 2190 | N27: =M27-L27 -> 10 | O27: =M27-L27 -> 10 | P27: STABLE | R27: 155 | S27: 185 | T27: =S27-R27 -> 30 | U27: STAGGER | V27: 2 Posn Stagger (155 185) | W27: 4 | X27: 4.5 | Y27: =X27-W27 -> 0.5 | Z27: 1 | AA27: 1 | AB27: MAU | AC27: 0 | AD27: 360 | AE27: 0 | AG27: 3 | AH27: 10 | AI27: 0 | AJ27: 0 | AK27: 0 | AL27: 100 | AM27: 25 | AN27: 0 | AO27: 0 | AP27: 0 | AQ27: 0 | AR27: 0 | AS27: 0 | AT27: 0 | AU27: 0 | AV27: 0 | AW27: 1 | AX27: 0 | AY27: 1 | AZ27: 0 | BA27: 1 | BB27: 0 | BC27: 0 | BD27: 0.9 | BE27: =2*BI27 -> 20 | BF27: 0 | BG27: 0 | BH27: 0 | BI27: 10 | BJ27: 10 | BK27: ESM/RWR | BM27: 1 | BR27: 1 | BX27: y | BY27: 2 | BZ27: Sea
A28: 12 | B28: ="EMITTER_"&TEXT(A28,"0") -> EMITTER_12 | C28: =5*A28 -> 60 | D28: =A28*1000+E28 -> 12001 | E28: 1 | F28: Simple HOSTILE MG Emitter - MG displayed | G28: Z116A | H28: TRACK_GUIDANCE | L28: 14511 | M28: 14741 | N28: =M28-L28 -> 230 | O28: =M28-L28 -> 230 | P28: AGILE | Q28: 4 Freq (14511 14741 14598 14633 ) Pulse to pulse Freq Agile | R28: 250 | S28: 500 | T28: =S28-R28 -> 250 | U28: AGILE | V28: Random within PRI Range | W28: 1 | X28: 4 | Y28: =X28-W28 -> 3 | Z28: 0 | AA28: 0 | AB28: MAU | AC28: 0 | AD28: 0 | AE28: 0 | AF28: 9999 | AG28: 3 | AH28: 10 | AI28: 0 | AJ28: 0 | AK28: 250 | AL28: 115 | AM28: 25 | AN28: 0 | AO28: 0 | AP28: 0 | AQ28: 0 | AR28: 0 | AS28: 0 | AT28: 0 | AU28: 0 | AV28: 0 | AW28: 1 | AX28: 0 | AY28: 1 | AZ28: 8 | BA28: 1 | BB28: 0 | BC28: 1 | BD28: 0.9 | BE28: =2*BI28 -> 20 | BF28: 0 | BG28: 0 | BH28: 0 | BI28: 10 | BJ28: 10 | BK28: ESM/RWR | BM28: 1 | BX28: n | BY28: ="Approx "&TEXT((2*AA28),0)&" (2*SP)" -> Approx 0 (2*SP) | BZ28: Sea
A29: 13 | B29: ="EMITTER_"&TEXT(A29,"0") -> EMITTER_13 | C29: =5*A29 -> 65 | D29: =A29*1000+E29 -> 13003 | E29: 3 | F29: Simple NEUTRAL HF Emitter | G29: ="Z0"&TEXT(A29,"0")&"Z" -> Z013Z | H29: HEIGHT_FINDING | L29: 2800 | M29: 2850 | N29: =M29-L29 -> 50 | O29: =M29-L29 -> 50 | P29: STABLE | R29: 1666 | S29: 2400 | T29: =S29-R29 -> 734 | U29: STAGGER | V29: 6 posn stagger (2400 1800 2140 1967 1666 1845) | W29: 2 | X29: 4 | Y29: =X29-W29 -> 2 | Z29: 1 | AA29: 1 | AB29: MAU | AC29: 0 | AD29: 0 | AE29: 0 | AF29: 0 | AG29: 2 | AH29: 1 | AI29: 0 | AJ29: 0 | AK29: 0 | AL29: 90 | AM29: 20 | AN29: 0 | AO29: 0 | AP29: 0 | AQ29: 0 | AR29: 0 | AS29: 30 | AT29: 0 | AU29: 0 | AV29: 0 | AW29: 1 | AX29: 0 | AY29: 1 | AZ29: 0 | BA29: 0 | BB29: 0 | BC29: 0 | BD29: 0.8 | BE29: 20 | BF29: 0 | BG29: 0 | BH29: 0 | BI29: NA | BJ29: 5 | BK29: ESM | BO29: 1 | BR29: 1 | BX29: n | BY29: ="Approx "&TEXT((3*AA29),0)&" (3*SP)" -> Approx 3 (3*SP) | BZ29: Land
A30: 13 | B30: ="EMITTER_"&TEXT(A30,"0") -> EMITTER_13 | C30: =5*A30 -> 65 | D30: =A30*1000+E30 -> 13002 | E30: 2 | F30: Simple NEUTRAL HF Emitter | G30: ="Z0"&TEXT(A30,"0")&"Z" -> Z013Z | H30: HEIGHT_FINDING | L30: 2900 | M30: 2950 | N30: =M30-L30 -> 50 | O30: =M30-L30 -> 50 | P30: STABLE | R30: 2020 | S30: 3000 | T30: =S30-R30 -> 980 | U30: STAGGER | V30: 3 posn stagger (3000 2020 2140) | W30: 2 | X30: 4 | Y30: =X30-W30 -> 2 | Z30: 1 | AA30: 1 | AB30: MAU | AC30: 0 | AD30: 0 | AE30: 0 | AF30: 0 | AG30: 2 | AH30: 1 | AI30: 0 | AJ30: 0 | AK30: 0 | AL30: 90 | AM30: 20 | AN30: 0 | AO30: 0 | AP30: 0 | AQ30: 0 | AR30: 0 | AS30: 30 | AT30: 0 | AU30: 0 | AV30: 0 | AW30: 1 | AX30: 0 | AY30: 1 | AZ30: 0 | BA30: 0 | BB30: 0 | BC30: 0 | BD30: 0.8 | BE30: 20 | BF30: 0 | BG30: 0 | BH30: 0 | BI30: NA | BJ30: 5 | BK30: ESM | BP30: 1 | BR30: 1 | BS30: 1 | BX30: n | BY30: ="Approx "&TEXT((3*AA30),0)&" (3*SP)" -> Approx 3 (3*SP) | BZ30: Land
A31: 13 | B31: ="EMITTER_"&TEXT(A31,"0") -> EMITTER_13 | C31: =5*A31 -> 65 | D31: =A31*1000+E31 -> 13001 | E31: 1 | F31: Simple NEUTRAL HF Emitter | G31: ="Z0"&TEXT(A31,"0")&"Z" -> Z013Z | H31: HEIGHT_FINDING | L31: 3000 | M31: 3150 | N31: =M31-L31 -> 150 | O31: =M31-L31 -> 150 | P31: STABLE | R31: 2400 | S31: 2988 | T31: =S31-R31 -> 588 | U31: STAGGER | V31: 2 posn Stagger (2400 2988) | W31: 2 | X31: 2.6 | Y31: =X31-W31 -> 0.6 | Z31: 1 | AA31: 1 | AB31: MAU | AC31: 0 | AD31: 0 | AE31: 0 | AF31: 0 | AG31: 2 | AH31: 1 | AI31: 0 | AJ31: 0 | AK31: 0 | AL31: 90 | AM31: 20 | AN31: 0 | AO31: 0 | AP31: 0 | AQ31: 0 | AR31: 0 | AS31: 30 | AT31: 0 | AU31: 0 | AV31: 0 | AW31: 1 | AX31: 0 | AY31: 1 | AZ31: 0 | BA31: 0 | BB31: 0 | BC31: 0 | BD31: 0.8 | BE31: 20 | BF31: 0 | BG31: 0 | BH31: 0 | BI31: NA | BJ31: 5 | BK31: ESM | BO31: 1 | BR31: 1 | BX31: n | BY31: ="Approx "&TEXT((3*AA31),0)&" (3*SP)" -> Approx 3 (3*SP) | BZ31: Land
A32: 14 | B32: ="EMITTER_"&TEXT(A32,"0") -> EMITTER_14 | C32: =5*A32 -> 70 | D32: =A32*1000+E32 -> 14001 | E32: 1 | F32: Simple FRIENDLY TA Emitter | G32: ="Z0"&TEXT(A32,"0")&"Z" -> Z014Z | H32: SEARCH_ACQUISITION | L32: 4500 | M32: 4550 | N32: =M32-L32 -> 50 | O32: =M32-L32 -> 50 | P32: STABLE | R32: 70 | S32: 100 | T32: =S32-R32 -> 30 | U32: STAGGER | V32: 4 Posn Stagger (70 80 90 100) | W32: 1 | X32: 3 | Y32: =X32-W32 -> 2 | Z32: 10 | AA32: 10 | AB32: MAU | AC32: 0 | AD32: 360 | AE32: 0 | AF32: 0 | AG32: 4 | AH32: 10 | AI32: 0 | AJ32: 0 | AK32: 0 | AL32: 100 | AM32: 20 | AN32: 0 | AO32: 0 | AP32: 0 | AQ32: 0 | AR32: 0 | AS32: 0 | AT32: 0 | AU32: 0 | AV32: 0 | AW32: 1 | AX32: 0 | AY32: 1 | AZ32: 0 | BA32: 1 | BB32: 0 | BC32: 1 | BD32: 0.9 | BE32: 20 | BF32: 0 | BG32: 0 | BH32: 0 | BI32: NA | BJ32: 4 | BK32: ESM/RWR | BO32: 1 | BR32: 1 | BX32: n | BY32: ="Approx "&TEXT((2*AA32),0)&" (2*SP)" -> Approx 20 (2*SP) | BZ32: Land
A33: 14 | B33: ="EMITTER_"&TEXT(A33,"0") -> EMITTER_14 | C33: =5*A33 -> 70 | D33: =A33*1000+E33 -> 14002 | E33: 2 | F33: Simple FRIENDLY TA Emitter | G33: ="Z0"&TEXT(A33,"0")&"Z" -> Z014Z | H33: SEARCH_ACQUISITION | L33: 4600 | M33: 4650 | N33: =M33-L33 -> 50 | O33: =M33-L33 -> 50 | P33: STABLE | R33: 70 | S33: 100 | T33: =S33-R33 -> 30 | U33: STAGGER | V33: 4 Posn Stagger (70 80 90 100) | W33: 1 | X33: 3 | Y33: =X33-W33 -> 2 | Z33: 10 | AA33: 10 | AB33: MAU | AC33: 0 | AD33: 360 | AE33: 0 | AF33: 0 | AG33: 4 | AH33: 10 | AI33: 0 | AJ33: 0 | AK33: 0 | AL33: 100 | AM33: 20 | AN33: 0 | AO33: 0 | AP33: 0 | AQ33: 0 | AR33: 0 | AS33: 0 | AT33: 0 | AU33: 0 | AV33: 0 | AW33: 1 | AX33: 0 | AY33: 1 | AZ33: 0 | BA33: 1 | BB33: 0 | BC33: 1 | BD33: 0.9 | BE33: 20 | BF33: 0 | BG33: 0 | BH33: 0 | BI33: NA | BJ33: 4 | BK33: ESM/RWR | BN33: 1 | BR33: 1 | BX33: n | BY33: ="Approx "&TEXT((2*AA33),0)&" (2*SP)" -> Approx 20 (2*SP) | BZ33: Land
A34: 15 | B34: ="EMITTER_"&TEXT(A34,"0") -> EMITTER_15 | C34: =5*A34 -> 75 | D34: =A34*1000+E34 -> 15001 | E34: 1 | F34: Simple HOSTILE S Emitter | G34: Z117A | H34: SEARCH_ACQUISITION | L34: 9000 | M34: 9200 | N34: =M34-L34 -> 200 | O34: =M34-L34 -> 200 | P34: STABLE | R34: 500 | S34: 800 | T34: =S34-R34 -> 300 | U34: STABLE | W34: 2 | X34: 12 | Y34: =X34-W34 -> 10 | Z34: 5 | AA34: 5 | AB34: MAU | AC34: 0 | AD34: 160 | AE34: 0 | AF34: 0 | AG34: 2 | AH34: 5 | AI34: 0 | AJ34: 0 | AK34: 0 | AL34: 100 | AM34: 20 | AN34: 0 | AO34: 0 | AP34: 0 | AQ34: 0 | AR34: 0 | AS34: 0 | AT34: 0 | AU34: 0 | AV34: 0 | AW34: 1 | AX34: 0 | AY34: 1 | AZ34: 0 | BA34: 1 | BB34: 0 | BC34: 0 | BD34: 0.9 | BE34: =2*BI34 -> 24 | BF34: 0 | BG34: 0 | BH34: 0 | BI34: 12 | BJ34: 5 | BK34: ESM/RWR | BM34: 1 | BW34: Search mode,T/G mode and MG mode can be present at the same time. ESM to correlate to a single emitter. | BX34: n | BY34: ="Approx "&TEXT((2*AA34),0)&" (2*SP)" -> Approx 10 (2*SP) | BZ34: Sea
A35: 15 | B35: ="EMITTER_"&TEXT(A35,"0") -> EMITTER_15 | C35: =5*A35 -> 75 | D35: =A35*1000+E35 -> 15002 | E35: 2 | F35: Simple HOSTILE T/G Emitter | G35: Z118A | H35: TRACK_GUIDANCE | L35: 10600 | M35: 10800 | N35: =M35-L35 -> 200 | O35: =M35-L35 -> 200 | P35: STABLE | R35: 60 | S35: 66 | T35: =S35-R35 -> 6 | U35: STABLE | W35: 4 | X35: 4.5 | Y35: =X35-W35 -> 0.5 | Z35: 0 | AA35: 0 | AB35: STEADY | AC35: 0 | AD35: 0 | AE35: 0 | AF35: 9999 | AG35: 2 | AH35: 5 | AI35: 0 | AJ35: 0 | AK35: 0 | AL35: 100 | AM35: 20 | AN35: 0 | AO35: 0 | AP35: 0 | AQ35: 0 | AR35: 0 | AS35: 0 | AT35: 0 | AU35: 0 | AV35: 0 | AW35: 1 | AX35: 0 | AY35: 1 | AZ35: 8 | BA35: 1 | BB35: 0 | BC35: 0 | BD35: 0.9 | BE35: =2*BI35 -> 24 | BF35: 0 | BG35: 0 | BH35: 0 | BI35: 12 | BJ35: 5 | BK35: ESM/RWR | BM35: 1 | BX35: y | BY35: 2 | BZ35: Sea
A36: 15 | B36: ="EMITTER_"&TEXT(A36,"0") -> EMITTER_15 | C36: =5*A36 -> 75 | D36: =A36*1000+E36 -> 15003 | E36: 3 | F36: Simple HOSTILE MG Emitter | G36: Z119A | H36: GUIDANCE_ILLUMINATION | L36: 13500 | M36: 13700 | N36: =M36-L36 -> 200 | O36: =M36-L36 -> 200 | P36: STABLE | R36: 5 | S36: 8 | T36: =S36-R36 -> 3 | U36: AGILE | V36: Random within PRI Range | W36: 2 | X36: 2.6 | Y36: =X36-W36 -> 0.6 | Z36: 0 | AA36: 0 | AB36: STEADY | AC36: 0 | AD36: 0 | AE36: 0 | AF36: 9999 | AG36: 2 | AH36: 5 | AI36: 0 | AJ36: 0 | AK36: 0 | AL36: 100 | AM36: 20 | AN36: 0 | AO36: 0 | AP36: 0 | AQ36: 0 | AR36: 0 | AS36: 0 | AT36: 0 | AU36: 0 | AV36: 0 | AW36: 1 | AX36: 0 | AY36: 1 | AZ36: 8 | BA36: 1 | BB36: 0 | BC36: 0 | BD36: 0.9 | BE36: =2*BI36 -> 24 | BF36: 0 | BG36: 0 | BH36: 0 | BI36: 12 | BJ36: 5 | BK36: ESM/RWR | BM36: 1 | BX36: y | BY36: 2 | BZ36: Sea
A37: 16 | B37: ="EMITTER_"&TEXT(A37,"0") -> EMITTER_16 | C37: =5*A37 -> 80 | D37: =A37*1000+E37 -> 16001 | E37: 1 | F37: Simple HOSTILE S Emitter TA | G37: ="Z0"&TEXT(A37,"0")&"Z" -> Z016Z | H37: SEARCH_ACQUISITION | L37: 28100 | M37: 28300 | N37: 200 | O37: =M37-L37 -> 200 | P37: AGILE | Q37: Random Pulse to pulse agile within Freq range | R37: 100 | S37: 500 | T37: =S37-R37 -> 400 | U37: STABLE | W37: 2 | X37: 3 | Y37: =X37-W37 -> 1 | Z37: 4 | AA37: 4 | AB37: MAU | AC37: 0 | AD37: 360 | AE37: 0 | AF37: 0 | AG37: 2 | AH37: 10 | AI37: 0 | AJ37: 0 | AK37: 200? | AL37: 120 | AM37: 25 | AN37: 0 | AO37: 0 | AP37: 0 | AQ37: 0 | AR37: 0 | AS37: 0 | AT37: 0 | AU37: 0 | AV37: 0 | AW37: 1 | AX37: 0 | AY37: 1 | AZ37: 0 | BA37: 0 | BB37: 0 | BC37: 0 | BD37: 0.8 | BE37: 20 | BF37: 0 | BG37: 0 | BH37: 0 | BI37: NA | BJ37: 2 | BK37: ESM/RWR | BM37: 1 | BX37: n | BY37: ="Approx "&TEXT((2*AA37),0)&" (2*SP)" -> Approx 8 (2*SP) | BZ37: Land
A38: 16 | B38: ="EMITTER_"&TEXT(A38,"0") -> EMITTER_16 | C38: =5*A38 -> 80 | D38: =A38*1000+E38 -> 16002 | E38: 2 | F38: Simple HOSTILE S Emitter TA | G38: ="Z0"&TEXT(A38,"0")&"Z" -> Z016Z | H38: SEARCH_ACQUISITION | L38: 28100 | M38: 28300 | N38: 200 | O38: =M38-L38 -> 200 | P38: STABLE | R38: 100 | S38: 500 | T38: =S38-R38 -> 400 | U38: AGILE | V38: Stable PRI with Doublets inserted between pulses. 10usec doublet each PRI | W38: 2 | X38: 3 | Y38: =X38-W38 -> 1 | Z38: 4 | AA38: 4 | AB38: MAU | AC38: 0 | AD38: 360 | AE38: 0 | AF38: 0 | AG38: 2 | AH38: 10 | AI38: 0 | AJ38: 0 | AK38: 0 | AL38: 120 | AM38: 25 | AN38: 0 | AO38: 0 | AP38: 0 | AQ38: 0 | AR38: 0 | AS38: 0 | AT38: 0 | AU38: 0 | AV38: 0 | AW38: 1 | AX38: 0 | AY38: 1 | AZ38: 0 | BA38: 0 | BB38: 0 | BC38: 0 | BD38: 0.8 | BE38: 20 | BF38: 0 | BG38: 0 | BH38: 0 | BI38: NA | BJ38: 2 | BK38: ESM/RWR | BM38: 1 | BX38: n | BY38: ="Approx "&TEXT((2*AA38),0)&" (2*SP)" -> Approx 8 (2*SP) | BZ38: Land
A39: 16 | B39: ="EMITTER_"&TEXT(A39,"0") -> EMITTER_16 | C39: =5*A39 -> 80 | D39: =A39*1000+E39 -> 16003 | E39: 3 | F39: Simple HOSTILE S Emitter TA | G39: ="Z0"&TEXT(A39,"0")&"Z" -> Z016Z | H39: SEARCH_ACQUISITION | L39: 28100 | M39: 28300 | N39: 200 | O39: =M39-L39 -> 200 | P39: STABLE | R39: 100 | S39: 500 | T39: =S39-R39 -> 400 | U39: AGILE | V39: Stable PRI with Triplets inserted between pulses. 10/15usec triplet each PRI. | W39: 2 | X39: 3 | Y39: =X39-W39 -> 1 | Z39: 4 | AA39: 4 | AB39: MAU | AC39: 0 | AD39: 360 | AE39: 0 | AF39: 0 | AG39: 2 | AH39: 10 | AI39: 0 | AJ39: 0 | AK39: 0 | AL39: 120 | AM39: 25 | AN39: 0 | AO39: 0 | AP39: 0 | AQ39: 0 | AR39: 0 | AS39: 0 | AT39: 0 | AU39: 0 | AV39: 0 | AW39: 1 | AX39: 0 | AY39: 1 | AZ39: 0 | BA39: 0 | BB39: 0 | BC39: 0 | BD39: 0.8 | BE39: 20 | BF39: 0 | BG39: 0 | BH39: 0 | BI39: NA | BJ39: 2 | BK39: ESM/RWR | BM39: 1 | BX39: n | BY39: ="Approx "&TEXT((2*AA39),0)&" (2*SP)" -> Approx 8 (2*SP) | BZ39: Land
A40: 16 | B40: ="EMITTER_"&TEXT(A40,"0") -> EMITTER_16 | C40: =5*A40 -> 80 | D40: =A40*1000+E40 -> 16004 | E40: 4 | F40: Simple HOSTILE S Emitter TA | G40: ="Z0"&TEXT(A40,"0")&"Z" -> Z016Z | H40: SEARCH_ACQUISITION | L40: 28100 | M40: 28300 | N40: 200 | O40: =M40-L40 -> 200 | P40: AGILE | Q40: Random Pulse to pulse agile within Freq range | R40: 350 | S40: 475 | T40: =S40-R40 -> 125 | U40: STAGGER | V40: 2 Posn Stagger (350 475) | W40: 2 | X40: 3 | Y40: =X40-W40 -> 1 | Z40: 4 | AA40: 4 | AB40: MAU | AC40: 0 | AD40: 360 | AE40: 0 | AF40: 0 | AG40: 2 | AH40: 10 | AI40: 0 | AJ40: 0 | AK40: 200? | AL40: 120 | AM40: 25 | AN40: 0 | AO40: 0 | AP40: 0 | AQ40: 0 | AR40: 0 | AS40: 0 | AT40: 0 | AU40: 0 | AV40: 0 | AW40: 1 | AX40: 0 | AY40: 1 | AZ40: 0 | BA40: 0 | BB40: 0 | BC40: 0 | BD40: 0.8 | BE40: 20 | BF40: 0 | BG40: 0 | BH40: 0 | BI40: NA | BJ40: 2 | BK40: ESM/RWR | BM40: 1 | BX40: n | BY40: ="Approx "&TEXT((2*AA40),0)&" (2*SP)" -> Approx 8 (2*SP) | BZ40: Land
A41: 17 | B41: ="EMITTER_"&TEXT(A41,"0") -> EMITTER_17 | C41: =5*A41 -> 85 | D41: =A41*1000+E41 -> 17001 | E41: 1 | F41: Simple HOSTILE S/TA Emitter | G41: ="Z0"&TEXT(A41,"0")&"Z" -> Z017Z | H41: SEARCH_ACQUISITION | L41: 13000 | M41: 13200 | N41: =M41-L41 -> 200 | O41: =M41-L41 -> 200 | P41: STABLE | R41: 533 | S41: 570 | T41: =S41-R41 -> 37 | U41: STAGGER | V41: 3 Posn Stagger (533 550 570) | W41: 1 | X41: 2 | Y41: =X41-W41 -> 1 | Z41: 3.3 | AA41: 3.3 | AB41: EAB | AC41: 100 | AD41: 120 | AE41: 0 | AF41: 16.53 | AG41: 3 | AH41: 4 | AI41: 3 | AJ41: 40 | AK41: 0 | AL41: 110 | AM41: 20 | AN41: 0 | AO41: 0 | AP41: 0 | AQ41: 0 | AR41: 5 | AS41: 20 | AT41: 0 | AU41: 0 | AV41: 0 | AW41: 1 | AX41: 0 | AY41: 0 | AZ41: 2 | BA41: 0 | BB41: 0 | BC41: 0 | BD41: 0.8 | BE41: 20 | BF41: 0 | BG41: 1 | BH41: 0 | BI41: NA | BJ41: 3 | BK41: ESM/RWR | BM41: 1 | BX41: n | BY41: ="Approx "&TEXT((2*AA41),0)&" (2*SP)" -> Approx 7 (2*SP) | BZ41: Land
A42: 18 | B42: ="EMITTER_"&TEXT(A42,"0") -> EMITTER_18 | C42: =5*A42 -> 90 | D42: =A42*1000+E42 -> 18001 | E42: 1 | F42: HOSTILE Airborne TA/TT/MG TA Displayed | G42: ="Z0"&TEXT(A42,"0")&"Z" -> Z018Z | H42: Search | L42: 9000 | M42: 9500 | N42: =M42-L42 -> 500 | O42: =M42-L42 -> 500 | P42: STABLE | R42: 400 | S42: 1000 | T42: =S42-R42 -> 600 | U42: STABLE | W42: 10 | X42: 20 | Y42: =X42-W42 -> 10 | Z42: 4 | AA42: 30 | AB42: MAU | AC42: 0 | AD42: 60 | AE42: 0 | AG42: 2 | AH42: 5 | AI42: 0 | AJ42: 0 | AK42: 0 | AL42: 95 | AM42: 20 | AN42: 0 | AO42: 0 | AP42: 0 | AQ42: 0 | AR42: 0 | AS42: 0 | AT42: 0 | AU42: 0 | AV42: 0 | AW42: 1 | AX42: 0 | AY42: 1 | AZ42: 0 | BA42: 1 | BB42: 0 | BC42: 0 | BD42: 0.9 | BE42: =2*BI42 -> 40 | BF42: 1 | BG42: 0 | BH42: 700 | BI42: 20 | BJ42: 5 | BK42: ESM/RWR | BM42: 1 | BR42: 1 | BW42: Multifunction Radar (one mode at a time) | BX42: n | BY42: ="Approx "&TEXT((3*AA42),0)&" (3*SP)" -> Approx 90 (3*SP) | BZ42: Land
A43: 18 | B43: ="EMITTER_"&TEXT(A43,"0") -> EMITTER_18 | C43: =5*A43 -> 90 | D43: =A43*1000+E43 -> 18002 | E43: 2 | F43: HOSTILE Airborne TA/TT/MG TT Displayed | G43: ="Z0"&TEXT(A43,"0")&"Z" -> Z018Z | H43: TT | L43: 9000 | M43: 9500 | N43: =M43-L43 -> 500 | O43: =M43-L43 -> 500 | P43: STABLE | R43: 20 | S43: 40 | T43: =S43-R43 -> 20 | U43: STABLE | W43: 2 | X43: 4 | Y43: =X43-W43 -> 2 | Z43: 0 | AA43: 0 | AB43: STEADY | AC43: 0 | AD43: 0 | AE43: 0 | AG43: 2 | AH43: 5 | AI43: 0 | AJ43: 0 | AK43: 0 | AL43: 95 | AM43: 20 | AN43: 0 | AO43: 0 | AP43: 0 | AQ43: 0 | AR43: 0 | AS43: 0 | AT43: 0 | AU43: 0 | AV43: 0 | AW43: 1 | AX43: 0 | AY43: 1 | AZ43: 8 | BA43: 1 | BB43: 0 | BC43: 0 | BD43: 0.9 | BE43: =2*BI43 -> 40 | BF43: 0 | BG43: 0 | BH43: 700 | BI43: 20 | BJ43: 5 | BK43: ESM/RWR | BX43: y | BY43: 4 | BZ43: Land
A44: 18 | B44: ="EMITTER_"&TEXT(A44,"0") -> EMITTER_18 | C44: =5*A44 -> 90 | D44: =A44*1000+E44 -> 18003 | E44: 3 | F44: HOSTILE Airborne TA/TT/MG MG Displayed | G44: ="Z0"&TEXT(A44,"0")&"Z" -> Z018Z | H44: GUIDANCE_ILLUMINATION | L44: 9000 | M44: 9500 | N44: =M44-L44 -> 500 | O44: =M44-L44 -> 500 | P44: STABLE | R44: 3 | S44: 3.5 | T44: =S44-R44 -> 0.5 | U44: AGILE | V44: Random within PRI Range | W44: 1 | X44: 1.2 | Y44: =X44-W44 -> 0.2 | Z44: 0 | AA44: 0 | AB44: STEADY | AC44: 0 | AD44: 0 | AE44: 0 | AG44: 2 | AH44: 5 | AI44: 0 | AJ44: 0 | AK44: 0 | AL44: 95 | AM44: 20 | AN44: 0 | AO44: 0 | AP44: 0 | AQ44: 0 | AR44: 0 | AS44: 0 | AT44: 0 | AU44: 0 | AV44: 0 | AW44: 1 | AX44: 0 | AY44: 1 | AZ44: 8 | BA44: 1 | BB44: 0 | BC44: 0 | BD44: 0.9 | BE44: =2*BI44 -> 40 | BF44: 0 | BG44: 0 | BH44: 700 | BI44: 20 | BJ44: 5 | BK44: ESM/RWR | BW44: Needs TT on at same time. | BX44: y | BY44: 2 | BZ44: Land
A45: 19 | B45: ="EMITTER_"&TEXT(A45,"0") -> EMITTER_19 | C45: =5*A45 -> 95 | D45: =A45*1000+E45 -> 19001 | E45: 1 | F45: Simple HOSTILE S/TA Emitter | G45: ="Z0"&TEXT(A45,"0")&"Z" -> Z019Z | H45: SEARCH_ACQUISITION | L45: 3700 | M45: 3750 | N45: =M45-L45 -> 50 | O45: =M45-L45 -> 50 | P45: Multibeam | Q45: Both frequencies on at the same time | R45: 1475 | S45: 2000 | T45: =S45-R45 -> 525 | U45: STAGGER | V45: 2 Posn Stagger (2000 1475) | W45: 22 | X45: 24 | Y45: =X45-W45 -> 2 | Z45: 12 | AA45: 12 | AB45: MAU | AC45: 0 | AD45: 360 | AE45: 0 | AF45: 0 | AG45: 3 | AH45: 5 | AI45: 0 | AJ45: 0 | AK45: 0 | AL45: 110 | AM45: 20 | AN45: 0 | AO45: 0 | AP45: 0 | AQ45: 0 | AR45: 0 | AS45: 0 | AT45: 0 | AU45: 0 | AV45: 0 | AW45: 1 | AX45: 0 | AY45: 1 | AZ45: 0 | BA45: 1 | BB45: 0 | BC45: 1 | BD45: 0.9 | BE45: 20 | BF45: 0 | BG45: 0 | BH45: 0 | BI45: NA | BJ45: 3 | BK45: ESM/RWR | BM45: 1 | BW45: Long PRI goes with long PW | BX45: n | BY45: ="Approx "&TEXT((2*AA45),0)&" (2*SP)" -> Approx 24 (2*SP) | BZ45: Land
A46: 19 | B46: ="EMITTER_"&TEXT(A46,"0") -> EMITTER_19 | C46: =5*A46 -> 95 | D46: =A46*1000+E46 -> 19011 | E46: 11 | F46: Simple HOSTILE S/TA Emitter | G46: ="Z0"&TEXT(A46,"0")&"Z" -> Z019Z | H46: SEARCH_ACQUISITION | L46: 3770 | M46: 3800 | N46: =M46-L46 -> 30 | O46: =M46-L46 -> 30 | P46: Multibeam | Q46: Both frequencies on at the same time | R46: 1475 | S46: 2000 | T46: =S46-R46 -> 525 | U46: STAGGER | V46: 2 Posn Stagger (2000 1475) | W46: 22 | X46: 24 | Y46: =X46-W46 -> 2 | Z46: 12 | AA46: 12 | AB46: MAU | AC46: 0 | AD46: 360 | AE46: 0 | AF46: 0 | AG46: 3 | AH46: 5 | AI46: 0 | AJ46: 0 | AK46: 0 | AL46: 110 | AM46: 20 | AN46: 0 | AO46: 0 | AP46: 0 | AQ46: 0 | AR46: 0 | AS46: 0 | AT46: 0 | AU46: 0 | AV46: 0 | AW46: 1 | AX46: 0 | AY46: 1 | AZ46: 0 | BA46: 1 | BB46: 0 | BC46: 1 | BD46: 0.9 | BE46: 20 | BF46: 0 | BG46: 0 | BH46: 0 | BI46: NA | BJ46: 3 | BK46: ESM/RWR | BO46: 1 | BR46: 1 | BW46: Long PRI goes with long PW | BX46: n | BY46: ="Approx "&TEXT((2*AA46),0)&" (2*SP)" -> Approx 24 (2*SP) | BZ46: Land
A47: 20 | B47: ="EMITTER_"&TEXT(A47,"0") -> EMITTER_20 | C47: =5*A47 -> 100 | D47: =A47*1000+E47 -> 20001 | E47: 1 | F47: Simple HOSTILE S/TA Emitter | G47: ="Z0"&TEXT(A47,"0")&"Z" -> Z020Z | H47: SEARCH_ACQUISITION | L47: 2111 | M47: 2278 | N47: =M47-L47 -> 167 | O47: =M47-L47 -> 167 | P47: AGILE | Q47: 3 Freq (2111 2185 2278) pulse to pulse agile | R47: 1500 | S47: 1550 | T47: =S47-R47 -> 50 | U47: STABLE | W47: 5 | X47: 5.1 | Y47: =X47-W47 -> 0.1 | Z47: 8.43 | AA47: 8.72 | AB47: EAU | AC47: 0 | AD47: 90 | AE47: 0 | AF47: 193.75 | AG47: 2 | AH47: 4 | AI47: 2 | AJ47: 45 | AK47: 200? | AL47: 110 | AM47: 20 | AN47: 0 | AO47: 0 | AP47: 0 | AQ47: 0 | AR47: 1 | AS47: 0 | AT47: 0 | AU47: 0 | AV47: 0 | AW47: 1 | AX47: 0 | AY47: 0 | AZ47: 4 | BA47: 1 | BB47: 0 | BC47: 1 | BD47: 0.8 | BE47: 20 | BF47: 0 | BG47: 0 | BH47: 0 | BI47: NA | BJ47: 3 | BK47: ESM/RWR | BX47: n | BY47: ="Approx "&TEXT((2*AA47),0)&" (2*SP)" -> Approx 17 (2*SP) | BZ47: Land
A48: 21 | B48: ="EMITTER_"&TEXT(A48,"0") -> EMITTER_21 | C48: =5*A48 -> 105 | D48: =A48*1000+E48 -> 21001 | E48: 1 | F48: Simple HOSTILE S Emitter TA/TT | G48: ="Z0"&TEXT(A48,"0")&"Z" -> Z021Z | H48: ACQUISTION_TRACK | L48: 6000 | M48: 6200 | N48: =M48-L48 -> 200 | O48: =M48-L48 -> 200 | P48: STABLE | R48: 900 | S48: 955 | T48: =S48-R48 -> 55 | U48: STABLE | W48: 1 | X48: 1.1 | Y48: =X48-W48 -> 0.1 | Z48: 1 | AA48: 1 | AB48: MAU | AC48: 0 | AD48: 15 | AE48: 0 | AF48: 0 | AG48: 2 | AH48: 6 | AI48: 0 | AJ48: 0 | AL48: 120 | AM48: 15 | AN48: 0 | AO48: 0 | AP48: 0 | AQ48: 0 | AR48: 0 | AS48: 0 | AT48: 0 | AU48: 0 | AV48: 0 | AW48: 2 | AX48: 0 | AY48: 1 | AZ48: 0 | BA48: 1 | BB48: 0 | BC48: 1 | BD48: 0.9 | BE48: =2*BI48 -> 16 | BF48: 0 | BG48: 0 | BH48: 0 | BI48: 8 | BJ48: 5 | BK48: ESM/RWR | BO48: 1 | BR48: 1 | BX48: y | BY48: ="Approx "&TEXT((2*AA48),0)&" (2*SP)" -> Approx 2 (2*SP) | BZ48: Land
A49: 21 | B49: ="EMITTER_"&TEXT(A49,"0") -> EMITTER_21 | C49: =5*A49 -> 105 | D49: =A49*1000+E49 -> 21002 | E49: 2 | F49: Simple HOSTILE S Emitter TA/TT | G49: ="Z0"&TEXT(A49,"0")&"Z" -> Z021Z | H49: ACQUISTION_TRACK | L49: 6000 | M49: 6200 | N49: =M49-L49 -> 200 | O49: =M49-L49 -> 200 | P49: STABLE | R49: 240 | S49: 269 | T49: =S49-R49 -> 29 | U49: STAGGER | V49: 2 Posn Stagger (240 269) | W49: 1 | X49: 2 | Y49: =X49-W49 -> 1 | Z49: 1 | AA49: 1 | AB49: MAU | AC49: 0 | AD49: 15 | AE49: 0 | AF49: 0 | AG49: 2 | AH49: 6 | AI49: 0 | AJ49: 0 | AK49: 0 | AL49: 120 | AM49: 15 | AN49: 0 | AO49: 0 | AP49: 0 | AQ49: 0 | AR49: 0 | AS49: 0 | AT49: 0 | AU49: 0 | AV49: 0 | AW49: 2 | AX49: 0 | AY49: 1 | AZ49: 0 | BA49: 1 | BB49: 0 | BC49: 1 | BD49: 0.9 | BE49: =2*BI49 -> 16 | BF49: 0 | BG49: 0 | BH49: 0 | BI49: 8 | BJ49: 5 | BK49: ESM/RWR | BM49: 1 | BX49: y | BY49: ="Approx "&TEXT((2*AA49),0)&" (2*SP)" -> Approx 2 (2*SP) | BZ49: Land
A50: 22 | B50: ="EMITTER_"&TEXT(A50,"0") -> EMITTER_22 | C50: =5*A50 -> 110 | D50: =A50*1000+E50 -> 22001 | E50: 1 | F50: Simple HOSTILE TA Emitter | G50: ="Z0"&TEXT(A50,"0")&"Z" -> Z022Z | H50: SEARCH_ACQUISITION | L50: 5000 | M50: 5100 | N50: =M50-L50 -> 100 | O50: =M50-L50 -> 100 | P50: FMOP | Q50: Freq range 15MHz | R50: 1200 | S50: 1250 | T50: =S50-R50 -> 50 | U50: STAGGER | V50: 2 Posn Stagger (1200 1250) (add PRI Clock = 5us) | W50: 40 | X50: 42 | Y50: =X50-W50 -> 2 | Z50: 5 | AA50: 5 | AB50: MAU | AC50: 0 | AD50: 360 | AE50: 0 | AF50: 0 | AG50: 3 | AH50: 10 | AI50: 0 | AJ50: 0 | AK50: 15 | AL50: 110 | AM50: 20 | AN50: 0 | AO50: 0 | AP50: 0 | AQ50: 0 | AR50: 0 | AS50: 0 | AT50: 0 | AU50: 0 | AV50: 0 | AW50: 1 | AX50: 0 | AY50: 1 | AZ50: 0 | BA50: 1 | BB50: 0 | BC50: 0 | BD50: 0.8 | BE50: 20 | BF50: 0 | BG50: 0 | BH50: 0 | BI50: NA | BJ50: 10 | BK50: ESM/RWR | BM50: 1 | BX50: n | BY50: ="Approx "&TEXT((2*AA50),0)&" (2*SP)" -> Approx 10 (2*SP) | BZ50: Land
A51: 22 | B51: ="EMITTER_"&TEXT(A51,"0") -> EMITTER_22 | C51: =5*A51 -> 110 | D51: =A51*1000+E51 -> 22002 | E51: 2 | F51: Simple HOSTILE TA Emitter | G51: ="Z0"&TEXT(A51,"0")&"Z" -> Z022Z | H51: SEARCH_ACQUISITION | L51: 5000 | M51: 5100 | N51: =M51-L51 -> 100 | O51: =M51-L51 -> 100 | P51: FMOP | Q51: Freq range 10MHz | R51: 600 | S51: 625 | T51: =S51-R51 -> 25 | U51: STAGGER | V51: 2 Posn Stagger (600 625) (add PRI Clock = 5us) | W51: 20 | X51: 20 | Y51: =X51-W51 -> 0 | Z51: 5 | AA51: 5 | AB51: MAU | AC51: 0 | AD51: 360 | AE51: 0 | AF51: 0 | AG51: 3 | AH51: 10 | AI51: 0 | AJ51: 0 | AK51: 10 | AL51: 110 | AM51: 20 | AN51: 0 | AO51: 0 | AP51: 0 | AQ51: 0 | AR51: 0 | AS51: 0 | AT51: 0 | AU51: 0 | AV51: 0 | AW51: 1 | AX51: 0 | AY51: 1 | AZ51: 0 | BA51: 1 | BB51: 0 | BC51: 0 | BD51: 0.8 | BE51: 20 | BF51: 0 | BG51: 0 | BH51: 0 | BI51: NA | BJ51: 10 | BK51: ESM/RWR | BM51: 1 | BX51: n | BY51: ="Approx "&TEXT((2*AA51),0)&" (2*SP)" -> Approx 10 (2*SP) | BZ51: Land
A52: 22 | B52: ="EMITTER_"&TEXT(A52,"0") -> EMITTER_22 | C52: =5*A52 -> 110 | D52: =A52*1000+E52 -> 22003 | E52: 3 | F52: Simple HOSTILE TA Emitter | G52: ="Z0"&TEXT(A52,"0")&"Z" -> Z022Z | H52: SEARCH_ACQUISITION | L52: 5000 | M52: 5100 | N52: =M52-L52 -> 100 | O52: =M52-L52 -> 100 | P52: FMOP | Q52: Freq range 20MHz | R52: 400 | S52: 415 | T52: =S52-R52 -> 15 | U52: STAGGER | V52: 2 Posn Stagger (400 415) (add PRI Clock = 5us) | W52: 10 | X52: 22 | Y52: =X52-W52 -> 12 | Z52: 5 | AA52: 5 | AB52: MAU | AC52: 0 | AD52: 360 | AE52: 0 | AF52: 0 | AG52: 3 | AH52: 10 | AI52: 0 | AJ52: 0 | AK52: 20 | AL52: 110 | AM52: 20 | AN52: 0 | AO52: 0 | AP52: 0 | AQ52: 0 | AR52: 0 | AS52: 0 | AT52: 0 | AU52: 0 | AV52: 0 | AW52: 1 | AX52: 0 | AY52: 1 | AZ52: 0 | BA52: 1 | BB52: 0 | BC52: 0 | BD52: 0.8 | BE52: 20 | BF52: 0 | BG52: 0 | BH52: 0 | BI52: NA | BJ52: 10 | BK52: ESM/RWR | BM52: 1 | BX52: n | BY52: ="Approx "&TEXT((2*AA52),0)&" (2*SP)" -> Approx 10 (2*SP) | BZ52: Land
A53: 23 | B53: ="EMITTER_"&TEXT(A53,"0") -> EMITTER_23 | C53: =5*A53 -> 115 | D53: =A53*1000+E53 -> 23001 | E53: 1 | F53: Simple Friendly TT Emitter | G53: ="Z0"&TEXT(A53,"0")&"Z" -> Z023Z | H53: TRACK | L53: 8000 | M53: 8200 | N53: =M53-L53 -> 200 | O53: =M53-L53 -> 200 | P53: STABLE | R53: 599 | S53: 777 | T53: =S53-R53 -> 178 | U53: STABLE | W53: 2 | X53: 11 | Y53: =X53-W53 -> 9 | Z53: 3 | AA53: 4 | AB53: MAU | AC53: 250 | AD53: 30 | AE53: 0 | AG53: 1 | AH53: 6 | AI53: 0 | AJ53: 0 | AK53: 0 | AL53: 110 | AM53: 25 | AN53: 0 | AO53: 0 | AP53: 0 | AQ53: 0 | AR53: 0 | AS53: 0 | AT53: 0 | AU53: 0 | AV53: 0 | AW53: 1 | AX53: 0 | AY53: 1 | AZ53: 0 | BA53: 1 | BB53: 0 | BC53: 0 | BD53: 0.9 | BE53: =2*BI53 -> 24 | BF53: 0 | BG53: 0 | BH53: 0 | BI53: 12 | BJ53: 8 | BK53: ESM/RWR | BM53: 1 | BX53: n | BY53: ="Approx "&TEXT((2*AA53),0)&" (2*SP)" -> Approx 8 (2*SP) | BZ53: Land
A54: 24 | B54: ="EMITTER_"&TEXT(A54,"0") -> EMITTER_24 | C54: =5*A54 -> 120 | D54: =A54*1000+E54 -> 24001 | E54: 1 | F54: Simple Friendly TA/TT Emitter | G54: ="Z0"&TEXT(A54,"0")&"Z" -> Z024Z | H54: TRACK | L54: 2500 | M54: 2550 | N54: =M54-L54 -> 50 | O54: =M54-L54 -> 50 | P54: STABLE | R54: 700 | S54: 700 | T54: =S54-R54 -> 0 | U54: STABLE | W54: 1 | X54: 2 | Y54: =X54-W54 -> 1 | Z54: 0 | AA54: 0 | AB54: STEADY | AC54: 0 | AD54: 0 | AE54: 0 | AF54: 0 | AG54: 3 | AH54: 5 | AI54: 0 | AJ54: 0 | AK54: 0 | AL54: 111 | AM54: 20 | AN54: 0 | AO54: 0 | AP54: 0 | AQ54: 0 | AR54: 0 | AS54: 0 | AT54: 0 | AU54: 0 | AV54: 0 | AW54: 1 | AX54: 0 | AY54: 1 | AZ54: 8 | BA54: 1 | BB54: 0 | BC54: 0 | BD54: 0.9 | BE54: =2*BI54 -> 22 | BF54: 0 | BG54: 0 | BH54: 0 | BI54: 11 | BJ54: 5 | BK54: ESM/RWR | BM54: 1 | BX54: n | BY54: 4 | BZ54: Land
A55: 25 | B55: ="EMITTER_"&TEXT(A55,"0") -> EMITTER_25 | C55: =5*A55 -> 125 | D55: =A55*1000+E55 -> 25001 | E55: 1 | F55: Simple HOSTILE S/TA Emitter | G55: ="Z0"&TEXT(A55,"0")&"Z" -> Z025Z | H55: SEARCH_ACQUISITION | L55: 4550 | M55: 4551 | N55: =M55-L55 -> 1 | O55: =M55-L55 -> 1 | P55: Multibeam | Q55: All 3 beams on at the same time | R55: 1225 | S55: 1225 | T55: =S55-R55 -> 0 | U55: STABLE | W55: 2 | X55: 3 | Y55: =X55-W55 -> 1 | Z55: 12 | AA55: 12 | AB55: MAU | AC55: 0 | AD55: 360 | AE55: 0 | AF55: 0 | AG55: 3 | AH55: 5 | AI55: 0 | AK55: 0 | AL55: 115 | AM55: 20 | AN55: 0 | AO55: 0 | AP55: 0 | AQ55: 0 | AR55: 0 | AS55: 0 | AT55: 0 | AU55: 0 | AV55: 0 | AW55: 1 | AX55: 0 | AY55: 1 | AZ55: 0 | BA55: 1 | BB55: 0 | BC55: 1 | BD55: 0.9 | BE55: =2*BI55 -> 40 | BF55: 0 | BG55: 0 | BH55: 0 | BI55: 20 | BJ55: 3 | BK55: ESM/RWR | BM55: 1 | BW55: Long PRI goes with long PW Low Beam | BX55: n | BY55: ="Approx "&TEXT((2*AA55),0)&" (2*SP)" -> Approx 24 (2*SP) | BZ55: Land
A56: 25 | B56: ="EMITTER_"&TEXT(A56,"0") -> EMITTER_25 | C56: =5*A56 -> 125 | D56: =A56*1000+E56 -> 25012 | E56: 12 | F56: Simple HOSTILE S/TA Emitter | G56: ="Z0"&TEXT(A56,"0")&"Z" -> Z025Z | H56: SEARCH_ACQUISITION | L56: 4588 | M56: 4590 | N56: =M56-L56 -> 2 | O56: =M56-L56 -> 2 | P56: Multibeam | R56: 1225 | S56: 1225 | T56: =S56-R56 -> 0 | U56: STABLE | W56: 2 | X56: 3 | Y56: =X56-W56 -> 1 | Z56: 12 | AA56: 12 | AB56: MAU | AC56: 0 | AD56: 360 | AE56: 0 | AF56: 0 | AG56: 3 | AH56: 5 | AI56: 0 | AK56: 0 | AL56: 115 | AM56: 20 | AN56: 0 | AO56: 0 | AP56: 0 | AQ56: 0 | AR56: 0 | AS56: 0 | AT56: 0 | AU56: 0 | AV56: 0 | AW56: 1 | AX56: 0 | AY56: 1 | AZ56: 0 | BA56: 1 | BB56: 0 | BC56: 1 | BD56: 0.9 | BE56: =2*BI56 -> 40 | BF56: 0 | BG56: 0 | BH56: 0 | BI56: 20 | BJ56: 3 | BK56: ESM/RWR | BM56: 1 | BW56: Center Beam | BX56: n | BY56: ="Approx "&TEXT((2*AA56),0)&" (2*SP)" -> Approx 24 (2*SP) | BZ56: Land
A57: 25 | B57: ="EMITTER_"&TEXT(A57,"0") -> EMITTER_25 | C57: =5*A57 -> 125 | D57: =A57*1000+E57 -> 25013 | E57: 13 | F57: Simple HOSTILE S/TA Emitter | G57: ="Z0"&TEXT(A57,"0")&"Z" -> Z025Z | H57: SEARCH_ACQUISITION | L57: 4620 | M57: 4622 | N57: =M57-L57 -> 2 | O57: =M57-L57 -> 2 | P57: Multibeam | R57: 1225 | S57: 1225 | T57: =S57-R57 -> 0 | U57: STABLE | W57: 2 | X57: 4 | Y57: =X57-W57 -> 2 | Z57: 12 | AA57: 12 | AB57: MAU | AC57: 0 | AD57: 360 | AE57: 0 | AF57: 0 | AG57: 3 | AH57: 5 | AI57: 0 | AK57: 0 | AL57: 115 | AM57: 20 | AN57: 0 | AO57: 0 | AP57: 0 | AQ57: 0 | AR57: 0 | AS57: 0 | AT57: 0 | AU57: 0 | AV57: 0 | AW57: 1 | AX57: 0 | AY57: 1 | AZ57: 0 | BA57: 1 | BB57: 0 | BC57: 1 | BD57: 0.9 | BE57: =2*BI57 -> 40 | BF57: 0 | BG57: 0 | BH57: 0 | BI57: 20 | BJ57: 3 | BK57: ESM/RWR | BP57: 1 | BR57: 1 | BW57: High Beam | BX57: n | BY57: ="Approx "&TEXT((2*AA57),0)&" (2*SP)" -> Approx 24 (2*SP) | BZ57: Land
A58: 25 | B58: ="EMITTER_"&TEXT(A58,"0") -> EMITTER_25 | C58: =5*A58 -> 125 | D58: =A58*1000+E58 -> 25002 | E58: 2 | F58: Simple HOSTILE S/TA Emitter | G58: ="Z0"&TEXT(A58,"0")&"Z" -> Z025Z | H58: SEARCH_ACQUISITION | L58: 4720 | M58: 4722 | N58: =M58-L58 -> 2 | O58: =M58-L58 -> 2 | P58: Multibeam | Q58: All 3 beams on at the same time | R58: 1225 | S58: 1225 | T58: =S58-R58 -> 0 | U58: STABLE | W58: 2 | X58: 4 | Y58: =X58-W58 -> 2 | Z58: 12 | AA58: 12 | AB58: MAU | AC58: 0 | AD58: 360 | AE58: 0 | AF58: 0 | AG58: 3 | AH58: 5 | AI58: 0 | AK58: 0 | AL58: 115 | AM58: 20 | AN58: 0 | AO58: 0 | AP58: 0 | AQ58: 0 | AR58: 0 | AS58: 0 | AT58: 0 | AU58: 0 | AV58: 0 | AW58: 1 | AX58: 0 | AY58: 1 | AZ58: 0 | BA58: 1 | BB58: 0 | BC58: 1 | BD58: 0.9 | BE58: =2*BI58 -> 40 | BF58: 0 | BG58: 0 | BH58: 0 | BI58: 20 | BJ58: 3 | BK58: ESM/RWR | BN58: 1 | BW58: Low Beam | BX58: n | BY58: ="Approx "&TEXT((2*AA58),0)&" (2*SP)" -> Approx 24 (2*SP) | BZ58: Land
A59: 25 | B59: ="EMITTER_"&TEXT(A59,"0") -> EMITTER_25 | C59: =5*A59 -> 125 | D59: =A59*1000+E59 -> 25021 | E59: 21 | F59: Simple HOSTILE S/TA Emitter | G59: ="Z0"&TEXT(A59,"0")&"Z" -> Z025Z | H59: SEARCH_ACQUISITION | L59: 4788 | M59: 4790 | N59: =M59-L59 -> 2 | O59: =M59-L59 -> 2 | P59: Multibeam | R59: 1225 | S59: 1225 | T59: =S59-R59 -> 0 | U59: STABLE | W59: 2 | X59: 4 | Y59: =X59-W59 -> 2 | Z59: 12 | AA59: 12 | AB59: MAU | AC59: 0 | AD59: 360 | AE59: 0 | AF59: 0 | AG59: 3 | AH59: 5 | AI59: 0 | AK59: 0 | AL59: 115 | AM59: 20 | AN59: 0 | AO59: 0 | AP59: 0 | AQ59: 0 | AR59: 0 | AS59: 0 | AT59: 0 | AU59: 0 | AV59: 0 | AW59: 1 | AX59: 0 | AY59: 1 | AZ59: 0 | BA59: 1 | BB59: 0 | BC59: 1 | BD59: 0.9 | BE59: =2*BI59 -> 40 | BF59: 0 | BG59: 0 | BH59: 0 | BI59: 20 | BJ59: 3 | BK59: ESM/RWR | BM59: 1 | BW59: Center Beam | BX59: n | BY59: ="Approx "&TEXT((2*AA59),0)&" (2*SP)" -> Approx 24 (2*SP) | BZ59: Land
A60: 25 | B60: ="EMITTER_"&TEXT(A60,"0") -> EMITTER_25 | C60: =5*A60 -> 125 | D60: =A60*1000+E60 -> 25022 | E60: 22 | F60: Simple HOSTILE S/TA Emitter | G60: ="Z0"&TEXT(A60,"0")&"Z" -> Z025Z | H60: SEARCH_ACQUISITION | L60: 4818 | M60: 4820 | N60: =M60-L60 -> 2 | O60: =M60-L60 -> 2 | P60: Multibeam | R60: 1225 | S60: 1225 | T60: =S60-R60 -> 0 | U60: STABLE | W60: 2 | X60: 4 | Y60: =X60-W60 -> 2 | Z60: 12 | AA60: 12 | AB60: MAU | AC60: 0 | AD60: 360 | AE60: 0 | AF60: 0 | AG60: 3 | AH60: 5 | AI60: 0 | AK60: 0 | AL60: 115 | AM60: 20 | AN60: 0 | AO60: 0 | AP60: 0 | AQ60: 0 | AR60: 0 | AS60: 0 | AT60: 0 | AU60: 0 | AV60: 0 | AW60: 1 | AX60: 0 | AY60: 1 | AZ60: 0 | BA60: 1 | BB60: 0 | BC60: 1 | BD60: 0.9 | BE60: =2*BI60 -> 40 | BF60: 0 | BG60: 0 | BH60: 0 | BI60: 20 | BJ60: 3 | BK60: ESM/RWR | BM60: 1 | BW60: High Beam | BX60: n | BY60: ="Approx "&TEXT((2*AA60),0)&" (2*SP)" -> Approx 24 (2*SP) | BZ60: Land
A61: 26 | B61: ="EMITTER_"&TEXT(A61,"0") -> EMITTER_26 | C61: =5*A61 -> 130 | D61: =A61*1000+E61 -> 26001 | E61: 1 | F61: Simple HOSTILE EW Emitter | G61: ="Z0"&TEXT(A61,"0")&"Z" -> Z026Z | H61: EARLY_WARNING_GCI | L61: 4900 | M61: 4950 | N61: =M61-L61 -> 50 | O61: =M61-L61 -> 50 | P61: Multibeam | Q61: Both Beams on at the same time | R61: 600 | S61: 800 | T61: =S61-R61 -> 200 | U61: STAGGER | V61: 4 Posn Stagger (600 641 711 800) | W61: 3 | X61: 4 | Y61: =X61-W61 -> 1 | Z61: 4 | AA61: 5 | AB61: MAU | AC61: 0 | AD61: 360 | AE61: 0 | AF61: 0 | AG61: 3 | AH61: 5 | AI61: 0 | AK61: 0 | AL61: 115 | AM61: 20 | AN61: 0 | AO61: 0 | AP61: 0 | AQ61: 0 | AR61: 0 | AS61: 0 | AT61: 0 | AU61: 0 | AV61: 0 | AW61: 1 | AX61: 0 | AY61: 1 | AZ61: 0 | BA61: 1 | BB61: 0 | BC61: 1 | BD61: 0.9 | BE61: 20 | BF61: 0 | BG61: 0 | BH61: 0 | BI61: NA | BJ61: 5 | BK61: ESM | BM61: 1 | BX61: n | BY61: ="Approx "&TEXT((3*AA61),0)&" (3*SP)" -> Approx 15 (3*SP) | BZ61: Land
A62: 26 | B62: ="EMITTER_"&TEXT(A62,"0") -> EMITTER_26 | C62: =5*A62 -> 130 | D62: =A62*1000+E62 -> 26011 | E62: 11 | F62: Simple HOSTILE EW Emitter | G62: ="Z0"&TEXT(A62,"0")&"Z" -> Z026Z | H62: EARLY_WARNING_GCI | L62: 4960 | M62: 5010 | N62: =M62-L62 -> 50 | O62: =M62-L62 -> 50 | P62: Multibeam | R62: 600 | S62: 800 | T62: =S62-R62 -> 200 | U62: STAGGER | V62: 4 Posn Stagger (600 641 711 800) | W62: 3 | X62: 4 | Y62: =X62-W62 -> 1 | Z62: 4 | AA62: 5 | AB62: MAU | AC62: 0 | AD62: 360 | AE62: 0 | AF62: 0 | AG62: 3 | AH62: 5 | AI62: 0 | AK62: 0 | AL62: 115 | AM62: 20 | AN62: 0 | AO62: 0 | AP62: 0 | AQ62: 0 | AR62: 0 | AS62: 0 | AT62: 0 | AU62: 0 | AV62: 0 | AW62: 1 | AX62: 0 | AY62: 1 | AZ62: 0 | BA62: 1 | BB62: 0 | BC62: 1 | BD62: 0.9 | BE62: 20 | BF62: 0 | BG62: 0 | BH62: 0 | BI62: NA | BJ62: 5 | BK62: ESM | BM62: 1 | BQ62: 1 | BX62: n | BY62: ="Approx "&TEXT((3*AA62),0)&" (3*SP)" -> Approx 15 (3*SP) | BZ62: Land
A63: 27 | B63: ="EMITTER_"&TEXT(A63,"0") -> EMITTER_27 | C63: =5*A63 -> 135 | D63: =A63*1000+E63 -> 27003 | E63: 3 | F63: Simple HOSTILE TA/TT/MG Emitter - MG displayed | G63: Z122A | H63: GUIDANCE_ILLUMINATION | L63: 700 | M63: 700 | N63: =M63-L63 -> 0 | O63: =M63-L63 -> 0 | P63: STABLE | R63: 350 | S63: 350 | T63: =S63-R63 -> 0 | U63: STABLE | W63: 0.4 | X63: 4 | Y63: =X63-W63 -> 3.6 | Z63: 0 | AA63: 0 | AB63: STEADY | AC63: 0 | AD63: 0 | AE63: 0 | AF63: 9999 | AG63: 2 | AH63: 4 | AI63: 0 | AJ63: 0 | AK63: 0 | AL63: 100 | AM63: 20 | AN63: 0 | AO63: 0 | AP63: 0 | AQ63: 0 | AR63: 0 | AS63: 0 | AT63: 0 | AU63: 0 | AV63: 0 | AW63: 1 | AX63: 0 | AY63: 1 | AZ63: 8 | BA63: 1 | BB63: 0 | BC63: 0 | BD63: 0.9 | BE63: =2*BI63 -> 30 | BF63: 0 | BG63: 0 | BH63: 0 | BI63: 15 | BJ63: 5 | BK63: ESM/RWR | BM63: 1 | BW63: Both ack track Beams on at the same time. All three modes from same Weapon system. ESM to correlate these 3 to a single emitter. VERIFY SCAN DATA TO MATCH SCAN TYPE =5 | BX63: n | BY63: ="Approx "&TEXT((2*AA63),0)&" (2*SP)" -> Approx 0 (2*SP) | BZ63: Land
A64: 27 | B64: ="EMITTER_"&TEXT(A64,"0") -> EMITTER_27 | C64: =5*A64 -> 135 | D64: =A64*1000+E64 -> 27001 | E64: 1 | F64: Simple HOSTILE TA/TT/MG Emitter - TA/TT displayed | G64: ="Z0"&TEXT(A64,"0")&"A" -> Z027A | H64: ACQUISTION_TRACK | L64: 5000 | M64: 5050 | N64: =M64-L64 -> 50 | O64: =M64-L64 -> 50 | P64: STABLE | Q64: Both ack track Beams on at the same time | R64: 700 | S64: 700 | T64: =S64-R64 -> 0 | U64: STABLE | W64: 1 | X64: 4 | Y64: =X64-W64 -> 3 | Z64: 0.1 | AA64: 0.1 | AB64: MAU | AC64: 0 | AD64: 15 | AE64: 0 | AF64: 0 | AG64: 2 | AH64: 5 | AI64: 0 | AJ64: 0 | AK64: 0 | AL64: 115 | AM64: 20 | AN64: 0 | AO64: 0 | AP64: 0 | AQ64: 0 | AR64: 0 | AS64: 0 | AT64: 0 | AU64: 0 | AV64: 0 | AW64: 1 | AX64: 0 | AY64: 1 | AZ64: 0 | BA64: 1 | BB64: 0 | BC64: 0 | BD64: 0.9 | BE64: =2*BI64 -> 30 | BF64: 0 | BG64: 0 | BH64: 0 | BI64: 15 | BJ64: 5 | BK64: ESM/RWR | BM64: 1 | BX64: n | BY64: ="Approx "&TEXT((2*AA64),0)&" (2*SP)" -> Approx 0 (2*SP) | BZ64: Sea
A65: 27 | B65: ="EMITTER_"&TEXT(A65,"0") -> EMITTER_27 | C65: =5*A65 -> 135 | D65: =A65*1000+E65 -> 27011 | E65: 11 | F65: Simple HOSTILE TA/TT/MG Emitter - TA/TT displayed | G65: Z120A | H65: ACQUISITION_TRACK | L65: 5100 | M65: 5150 | N65: =M65-L65 -> 50 | O65: =M65-L65 -> 50 | P65: STABLE | R65: 700 | S65: 700 | T65: =S65-R65 -> 0 | U65: STABLE | W65: 1 | X65: 4 | Y65: =X65-W65 -> 3 | Z65: 0.1 | AA65: 0.1 | AB65: MAU | AC65: 0 | AD65: 0 | AE65: 0 | AF65: 0 | AG65: 5 | AH65: 2 | AI65: 0 | AJ65: 0 | AK65: 0 | AL65: 115 | AM65: 20 | AN65: 0 | AO65: 0 | AP65: 0 | AQ65: 0 | AR65: 0 | AS65: 15 | AT65: 0 | AU65: 0 | AV65: 0 | AW65: 1 | AX65: 0 | AY65: 1 | AZ65: 0 | BA65: 1 | BB65: 0 | BC65: 0 | BD65: 0.9 | BE65: =2*BI65 -> 30 | BF65: 0 | BG65: 0 | BH65: 0 | BI65: 15 | BJ65: 5 | BK65: ESM/RWR | BM65: 1 | BX65: y | BY65: 4 | BZ65: Sea
A66: 27 | B66: ="EMITTER_"&TEXT(A66,"0") -> EMITTER_27 | C66: =5*A66 -> 135 | D66: =A66*1000+E66 -> 27002 | E66: 2 | F66: Simple HOSTILE TA/TT/MG Emitter - TT displayed | G66: Z121A | H66: TRACK | L66: 5100 | M66: 5150 | N66: =M66-L66 -> 50 | O66: =M66-L66 -> 50 | P66: STABLE | R66: 350 | S66: 350 | T66: =S66-R66 -> 0 | U66: STABLE | W66: 0.4 | X66: 0.44 | Y66: =X66-W66 -> 0.04 | Z66: 0 | AA66: 0 | AB66: STEADY | AC66: 0 | AD66: 0 | AE66: 0 | AF66: 9999 | AG66: 2 | AH66: 3 | AI66: 0 | AJ66: 0 | AK66: 0 | AL66: 115 | AM66: 20 | AN66: 0 | AO66: 0 | AP66: 0 | AQ66: 0 | AR66: 0 | AS66: 0 | AT66: 0 | AU66: 0 | AV66: 0 | AW66: 1 | AX66: 0 | AY66: 1 | AZ66: 8 | BA66: 1 | BB66: 0 | BC66: 0 | BD66: 0.9 | BE66: =2*BI66 -> 30 | BF66: 0 | BG66: 0 | BH66: 0 | BI66: 15 | BJ66: 5 | BK66: ESM/RWR | BM66: 1 | BQ66: 1 | BX66: y | BY66: 2 | BZ66: Sea
A67: 28 | B67: ="EMITTER_"&TEXT(A67,"0") -> EMITTER_28 | C67: =5*A67 -> 140 | D67: =A67*1000+E67 -> 28001 | E67: 1 | F67: Simple FRIENDLY HF Emitter | G67: ="Z0"&TEXT(A67,"0")&"Z" -> Z028Z | H67: HEIGHT_FINDING | L67: 2000 | M67: 2220 | N67: =M67-L67 -> 220 | O67: =M67-L67 -> 220 | P67: STABLE | R67: 2000 | S67: 2200 | T67: =S67-R67 -> 200 | U67: STABLE | W67: 3 | X67: 4 | Y67: =X67-W67 -> 1 | Z67: 4 | AA67: 11 | AB67: MAU | AC67: 0 | AD67: 0 | AE67: 0 | AF67: 0 | AG67: 4 | AH67: 1 | AI67: 0 | AJ67: 0 | AK67: 0 | AL67: 90 | AM67: 25 | AN67: 0 | AO67: 0 | AP67: 0 | AQ67: 0 | AR67: 0 | AS67: 60 | AT67: 0 | AU67: 0 | AV67: 0 | AW67: 1 | AX67: 0 | AY67: 1 | AZ67: 0 | BA67: 1 | BB67: 0 | BC67: 0 | BD67: 0.9 | BE67: 20 | BF67: 0 | BG67: 0 | BH67: 0 | BI67: NA | BJ67: 4 | BK67: ESM | BM67: 1 | BX67: n | BY67: ="Approx "&TEXT((3*AA67),0)&" (3*SP)" -> Approx 33 (3*SP) | BZ67: Land
A68: 29 | B68: ="EMITTER_"&TEXT(A68,"0") -> EMITTER_29 | C68: =5*A68 -> 145 | D68: =A68*1000+E68 -> 29001 | E68: 1 | F68: Simple HOSTILE HF Emitter | G68: ="Z0"&TEXT(A68,"0")&"Z" -> Z029Z | H68: HEIGHT_FINDING | L68: 6700 | M68: 6800 | N68: =M68-L68 -> 100 | O68: =M68-L68 -> 100 | P68: STABLE | R68: 1150 | S68: 1250 | T68: =S68-R68 -> 100 | U68: STAGGER | V68: 2 Posn Stagger (1150 1250) | W68: 2 | X68: 4 | Y68: =X68-W68 -> 2 | Z68: 2.5 | AA68: 2.5 | AB68: MEB | AC68: 100 | AD68: 60 | AE68: 0 | AF68: 0 | AG68: 5 | AH68: 1 | AI68: 0 | AJ68: 12 | AK68: 0 | AL68: 100 | AM68: 5 | AN68: 0 | AO68: 0 | AP68: 0 | AQ68: 0 | AR68: 0 | AS68: 20 | AT68: 0 | AU68: 0 | AV68: 0 | AW68: 1 | AX68: 0 | AY68: 1 | AZ68: 7 | BA68: 1 | BB68: 0 | BC68: 0 | BD68: 0.9 | BE68: 20 | BF68: 0 | BG68: 1 | BH68: 0 | BI68: NA | BJ68: 5 | BK68: ESM | BO68: 1 | BR68: 1 | BX68: n | BY68: ="Approx "&TEXT((3*AA68),0)&" (3*SP)" -> Approx 8 (3*SP) | BZ68: Land
A69: 30 | B69: ="EMITTER_"&TEXT(A69,"0") -> EMITTER_30 | C69: =5*A69 -> 150 | D69: =A69*1000+E69 -> 30001 | E69: 1 | F69: Simple HOSTILE S/TA Emitter | G69: ="Z0"&TEXT(A69,"0")&"Z" -> Z030Z | H69: SEARCH_ACQUISITION | L69: 4600 | M69: 4700 | N69: =M69-L69 -> 100 | O69: =M69-L69 -> 100 | P69: STABLE | R69: 1200 | S69: 1300 | T69: =S69-R69 -> 100 | U69: STABLE | W69: 3 | X69: 5 | Y69: =X69-W69 -> 2 | Z69: 9 | AA69: 10 | AB69: MAU | AC69: 0 | AD69: 360 | AE69: 0 | AF69: 0 | AG69: 6 | AH69: 4 | AI69: 0 | AJ69: 0 | AK69: 0 | AL69: 110 | AM69: 20 | AN69: 0 | AO69: 0 | AP69: 0 | AQ69: 0 | AR69: 0 | AS69: 0 | AT69: 0 | AU69: 0 | AV69: 0 | AW69: 1 | AX69: 0 | AY69: 1 | AZ69: 0 | BA69: 1 | BB69: 0 | BC69: 0 | BD69: 0.9 | BE69: =2*BI69 -> 24 | BF69: 0 | BG69: 0 | BH69: 0 | BI69: 12 | BJ69: 6 | BK69: ESM/RWR | BM69: 1 | BX69: n | BY69: ="Approx "&TEXT((2*AA69),0)&" (2*SP)" -> Approx 20 (2*SP) | BZ69: Land
A70: 30 | B70: ="EMITTER_"&TEXT(A70,"0") -> EMITTER_30 | C70: =5*A70 -> 150 | D70: =A70*1000+E70 -> 30002 | E70: 2 | F70: Simple HOSTILE S/TA Emitter | G70: ="Z0"&TEXT(A70,"0")&"Z" -> Z030Z | H70: SEARCH_ACQUISITION | L70: 4600 | M70: 4700 | N70: =M70-L70 -> 100 | O70: =M70-L70 -> 100 | P70: STABLE | R70: 1400 | S70: 1449 | T70: =S70-R70 -> 49 | U70: AGILE | V70: 4 PRI (1400 1421 1431 1449) Dwell for 50 pulses each) | W70: 3 | X70: 5 | Y70: =X70-W70 -> 2 | Z70: 9 | AA70: 10 | AB70: MAU | AC70: 0 | AD70: 360 | AE70: 0 | AF70: 0 | AG70: 6 | AH70: 4 | AI70: 0 | AJ70: 0 | AK70: 0 | AL70: 110 | AM70: 20 | AN70: 0 | AO70: 0 | AP70: 0 | AQ70: 0 | AR70: 0 | AS70: 0 | AT70: 0 | AU70: 0 | AV70: 0 | AW70: 1 | AX70: 0 | AY70: 1 | AZ70: 0 | BA70: 1 | BB70: 0 | BC70: 0 | BD70: 0.9 | BE70: =2*BI70 -> 24 | BF70: 0 | BG70: 0 | BH70: 0 | BI70: 12 | BJ70: 6 | BK70: ESM/RWR | BN70: 1 | BR70: 1 | BX70: n | BY70: ="Approx "&TEXT((2*AA70),0)&" (2*SP)" -> Approx 20 (2*SP) | BZ70: Land
A71: 31 | B71: ="EMITTER_"&TEXT(A71,"0") -> EMITTER_31 | C71: =5*A71 -> 155 | D71: =A71*1000+E71 -> 31001 | E71: 1 | F71: Simple Friendly Search Emitter | G71: ="Z0"&TEXT(A71,"0")&"Z" -> Z031Z | H71: SEARCH_ACQUISITION | L71: 5000 | M71: 5050 | N71: =M71-L71 -> 50 | O71: =M71-L71 -> 50 | P71: SAWTOOTH | Q71: Freq range 15MHz | R71: 1980 | S71: 2275 | T71: =S71-R71 -> 295 | U71: STAGGER | V71: 3 Posn Stagger (2275 1980 2144) | W71: 30 | X71: 33 | Y71: =X71-W71 -> 3 | Z71: 14 | AA71: 14 | AB71: MAU | AC71: 0 | AD71: 360 | AE71: 0 | AF71: 0 | AG71: 4 | AH71: 6 | AI71: 0 | AJ71: 0 | AK71: 15 | AL71: 100 | AM71: 20 | AN71: 0 | AO71: 0 | AP71: 0 | AQ71: 0 | AR71: 0 | AS71: 0 | AT71: 0 | AU71: 0 | AV71: 0 | AW71: 1 | AX71: 0 | AY71: 1 | AZ71: 0 | BA71: 1 | BB71: 0 | BC71: 0 | BD71: 0.9 | BE71: 20 | BF71: 0 | BG71: 0 | BH71: 0 | BI71: NA | BJ71: 4 | BK71: ESM/RWR | BO71: 1 | BT71: 1 | BW71: Corresponding PRI and PW listed in order | BX71: n | BY71: ="Approx "&TEXT((2*AA71),0)&" (2*SP)" -> Approx 28 (2*SP) | BZ71: Land
A72: 31 | B72: ="EMITTER_"&TEXT(A72,"0") -> EMITTER_31 | C72: =5*A72 -> 155 | D72: =A72*1000+E72 -> 31002 | E72: 2 | F72: Simple Friendly Search Emitter | G72: ="Z0"&TEXT(A72,"0")&"Z" -> Z031Z | H72: SEARCH_ACQUISITION | L72: 5100 | M72: 5150 | N72: =M72-L72 -> 50 | O72: =M72-L72 -> 50 | P72: SINUSOIDAL | Q72: Freq range10MHz | R72: 1980 | S72: 2275 | T72: =S72-R72 -> 295 | U72: STAGGER | V72: 3 Posn Stagger (2275 1980 2144) | W72: 30 | X72: 7 | Y72: =X72-W72 -> -23 | Z72: 14 | AA72: 14 | AB72: MAU | AC72: 0 | AD72: 360 | AE72: 0 | AF72: 0 | AG72: 4 | AH72: 6 | AI72: 0 | AJ72: 0 | AK72: 10 | AL72: 100 | AM72: 20 | AN72: 0 | AO72: 0 | AP72: 0 | AQ72: 0 | AR72: 0 | AS72: 0 | AT72: 0 | AU72: 0 | AV72: 0 | AW72: 1 | AX72: 0 | AY72: 1 | AZ72: 0 | BA72: 1 | BB72: 0 | BC72: 0 | BD72: 0.9 | BE72: 20 | BF72: 0 | BG72: 0 | BH72: 0 | BI72: NA | BJ72: 4 | BK72: ESM/RWR | BM72: 1 | BW72: Corresponding PRI and PW listed in order | BX72: n | BY72: ="Approx "&TEXT((2*AA72),0)&" (2*SP)" -> Approx 28 (2*SP) | BZ72: Land
A73: 32 | B73: ="EMITTER_"&TEXT(A73,"0") -> EMITTER_32 | C73: =5*A73 -> 160 | D73: =A73*1000+E73 -> 32001 | E73: 1 | F73: Simple NEUTRAL HF Emitter | G73: ="Z0"&TEXT(A73,"0")&"Z" -> Z032Z | H73: HEIGHT_FINDING | L73: 4600 | M73: 4650 | N73: =M73-L73 -> 50 | O73: =M73-L73 -> 50 | P73: STABLE | R73: 3000 | S73: 3300 | T73: =S73-R73 -> 300 | U73: STABLE | W73: 5 | X73: 5 | Y73: =X73-W73 -> 0 | Z73: 3 | AA73: 3 | AB73: meb | AC73: 0 | AD73: 0 | AE73: 0 | AF73: 0 | AG73: 4 | AH73: 1 | AI73: 0 | AJ73: 0 | AK73: 0 | AL73: 100 | AM73: 20 | AN73: 0 | AO73: 0 | AP73: 0 | AQ73: 0 | AR73: 0 | AS73: 65 | AT73: 0 | AU73: 0 | AV73: 0 | AW73: 1 | AX73: 0 | AY73: 1 | AZ73: 0 | BA73: 1 | BB73: 0 | BC73: 0 | BD73: 0.9 | BE73: 20 | BF73: 0 | BG73: 1 | BH73: 0 | BI73: NA | BJ73: 4 | BK73: ESM | BM73: 1 | BX73: n | BY73: ="Approx "&TEXT((3*AA73),0)&" (3*SP)" -> Approx 9 (3*SP) | BZ73: Land
A74: 33 | B74: ="EMITTER_"&TEXT(A74,"0") -> EMITTER_33 | C74: =5*A74 -> 165 | D74: =A74*1000+E74 -> 33001 | E74: 1 | F74: Simple Friendly Search Emitter | G74: ="Z0"&TEXT(A74,"0")&"Z" -> Z033Z | H74: SEARCH | L74: 800 | M74: 900 | N74: =M74-L74 -> 100 | O74: =M74-L74 -> 100 | P74: STABLE | R74: 2030 | S74: 3000 | T74: =S74-R74 -> 970 | U74: STAGGER | V74: 2 Posn Stagger (2030 3000) | W74: 3 | X74: 3 | Y74: =X74-W74 -> 0 | Z74: 10 | AA74: 10 | AB74: MAU | AC74: 0 | AD74: 360 | AE74: 0 | AF74: 0 | AG74: 2 | AH74: 5 | AI74: 0 | AJ74: 0 | AK74: 0 | AL74: 100 | AM74: 20 | AN74: 0 | AO74: 0 | AP74: 0 | AQ74: 0 | AR74: 0 | AS74: 0 | AT74: 0 | AU74: 0 | AV74: 0 | AW74: 1 | AX74: 0 | AY74: 1 | AZ74: 0 | BA74: 1 | BB74: 0 | BC74: 0 | BD74: 0.9 | BE74: 20 | BF74: 0 | BG74: 0 | BH74: 0 | BI74: NA | BJ74: 4 | BK74: ESM/RWR | BP74: 1 | BS74: 1 | BX74: n | BY74: ="Approx "&TEXT((3*AA74),0)&" (3*SP)" -> Approx 30 (3*SP) | BZ74: Land
A75: 34 | B75: ="EMITTER_"&TEXT(A75,"0") -> EMITTER_34 | C75: =5*A75 -> 170 | D75: =A75*1000+E75 -> 34001 | E75: 1 | F75: Simple HOSTILE TA/TT/MG Emitter - TA displayed | G75: Z130A | H75: SEARCH | L75: 1200 | M75: 1400 | N75: =M75-L75 -> 200 | O75: =M75-L75 -> 200 | P75: STABLE | R75: 120 | S75: 140 | T75: =S75-R75 -> 20 | U75: STABLE | W75: 5 | X75: 5 | Y75: =X75-W75 -> 0 | Z75: 2 | AA75: 2 | AB75: MAU | AC75: 0 | AD75: 45 | AE75: 0 | AF75: 0 | AG75: 2 | AH75: 6 | AI75: 0 | AJ75: 0 | AK75: 0 | AL75: 100 | AM75: 15 | AN75: 0 | AO75: 0 | AP75: 0 | AQ75: 0 | AR75: 0 | AS75: 0 | AT75: 0 | AU75: 0 | AV75: 0 | AW75: 1 | AX75: 0 | AY75: 1 | AZ75: 0 | BA75: 1 | BB75: 0 | BC75: 0 | BD75: 0.9 | BE75: =2*BI75 -> 16 | BF75: 0 | BG75: 0 | BH75: 0 | BI75: 8 | BJ75: 5 | BK75: ESM/RWR | BM75: 1 | BX75: n | BY75: ="Approx "&TEXT((3*AA75),0)&" (3*SP)" -> Approx 6 (3*SP) | BZ75: Sea
A76: 34 | B76: ="EMITTER_"&TEXT(A76,"0") -> EMITTER_34 | C76: =5*A76 -> 170 | D76: =A76*1000+E76 -> 34003 | E76: 3 | F76: Simple HOSTILE TA/TT/MG Emitter - MG displayed | G76: Z132A | H76: GUIDANCE_ILLUMINATION | L76: 16500 | M76: 16600 | N76: =M76-L76 -> 100 | O76: =M76-L76 -> 100 | P76: STABLE | R76: 70 | S76: 98 | T76: =S76-R76 -> 28 | U76: STAGGER | V76: 2 Posn Stagger (70 98) | W76: 1 | X76: 1 | Y76: =X76-W76 -> 0 | Z76: 0 | AA76: 0 | AB76: STEADY | AC76: 0 | AD76: 0 | AE76: 0 | AF76: 9999 | AG76: 2 | AH76: 6 | AI76: 0 | AJ76: 0 | AK76: 0 | AL76: 120 | AM76: 15 | AN76: 0 | AO76: 0 | AP76: 0 | AQ76: 0 | AR76: 0 | AS76: 0 | AT76: 0 | AU76: 0 | AV76: 0 | AW76: 1 | AX76: 0 | AY76: 1 | AZ76: 8 | BA76: 1 | BB76: 0 | BC76: 0 | BD76: 0.9 | BE76: =2*BI76 -> 16 | BF76: 0 | BG76: 0 | BH76: 0 | BI76: 8 | BJ76: 5 | BK76: ESM/RWR | BM76: 1 | BV76: 1 | BX76: y | BY76: ="Approx "&TEXT((2*AA76),0)&" (2*SP)" -> Approx 0 (2*SP) | BZ76: Sea
A77: 34 | B77: ="EMITTER_"&TEXT(A77,"0") -> EMITTER_34 | C77: =5*A77 -> 170 | D77: =A77*1000+E77 -> 34002 | E77: 2 | F77: Simple HOSTILE TA/TT/MG Emitter - TT displayed | G77: Z131A | H77: TRACK | L77: 17011 | M77: 17089 | N77: =M77-L77 -> 78 | O77: =M77-L77 -> 78 | P77: AGILE | Q77: 3 Freq (17011 17044 17089) dwell for100 pulses at each freq | R77: 200 | S77: 250 | T77: =S77-R77 -> 50 | U77: STABLE | W77: 1 | X77: 1 | Y77: =X77-W77 -> 0 | Z77: 4.8 | AA77: 6 | AB77: EAB | AC77: 50 | AD77: 120 | AE77: 0 | AF77: 50 | AG77: 2 | AH77: 6 | AI77: 2 | AJ77: 60 | AK77: 100? | AL77: 120 | AM77: 15 | AN77: 0 | AO77: 0 | AP77: 0 | AQ77: 0 | AR77: 1 | AS77: 0 | AT77: 0 | AU77: 0 | AV77: 0 | AW77: 1 | AX77: 0 | AY77: 0 | AZ77: 4 | BA77: 1 | BB77: 0 | BC77: 0 | BD77: 0.9 | BE77: =2*BI77 -> 16 | BF77: 1 | BG77: 0 | BH77: 0 | BI77: 8 | BJ77: 5 | BK77: ESM/RWR | BO77: 1 | BR77: 1 | BX77: y | BY77: 2 | BZ77: Sea
A78: 35 | B78: ="EMITTER_"&TEXT(A78,"0") -> EMITTER_35 | C78: =5*A78 -> 175 | D78: =A78*1000+E78 -> 35001 | E78: 1 | F78: Simple HOSTILE S/TA Emitter | G78: ="Z0"&TEXT(A78,"0")&"Z" -> Z035Z | H78: SEARCH_ACQUISITION | L78: 3000 | M78: 3100 | N78: =M78-L78 -> 100 | O78: =M78-L78 -> 100 | P78: STABLE | R78: 2900 | S78: 2910 | T78: =S78-R78 -> 10 | U78: STAGGER | V78: 2 Posn Stagger (900 910) | W78: 1 | X78: 2 | Y78: =X78-W78 -> 1 | Z78: 4 | AA78: 4 | AB78: MAU | AC78: 0 | AD78: 360 | AE78: 0 | AF78: 0 | AG78: 3 | AH78: 6 | AI78: 0 | AJ78: 0 | AK78: 0 | AL78: 100 | AM78: 25 | AN78: 0 | AO78: 0 | AP78: 0 | AQ78: 0 | AR78: 0 | AS78: 0 | AT78: 0 | AU78: 0 | AV78: 0 | AW78: 1 | AX78: 0 | AY78: 1 | AZ78: 0 | BA78: 1 | BB78: 0 | BC78: 0 | BD78: 0.9 | BE78: =2*BI78 -> 12 | BF78: 0 | BG78: 0 | BH78: 0 | BI78: 6 | BJ78: 6 | BK78: ESM/RWR | BM78: 1 | BX78: n | BY78: ="Approx "&TEXT((2*AA78),0)&" (2*SP)" -> Approx 8 (2*SP) | BZ78: Land
A79: 35 | B79: ="EMITTER_"&TEXT(A79,"0") -> EMITTER_35 | C79: =5*A79 -> 175 | D79: =A79*1000+E79 -> 35002 | E79: 2 | F79: Simple HOSTILE S/TA Emitter | G79: ="Z0"&TEXT(A79,"0")&"Z" -> Z035Z | H79: SEARCH_ACQUISITION | L79: 3100 | M79: 3150 | N79: =M79-L79 -> 50 | O79: =M79-L79 -> 50 | P79: STABLE | R79: 800 | S79: 1000 | T79: =S79-R79 -> 200 | U79: STAGGER | V79: 4 Posn Stagger (800 1000 863 921) | W79: 1 | X79: 1 | Y79: =X79-W79 -> 0 | Z79: 5 | AA79: 5 | AB79: MAU | AC79: 0 | AD79: 360 | AE79: 0 | AF79: 0 | AG79: 3 | AH79: 6 | AI79: 0 | AJ79: 0 | AK79: 0 | AL79: 100 | AM79: 25 | AN79: 0 | AO79: 0 | AP79: 0 | AQ79: 0 | AR79: 0 | AS79: 0 | AT79: 0 | AU79: 0 | AV79: 0 | AW79: 1 | AX79: 0 | AY79: 1 | AZ79: 0 | BA79: 1 | BB79: 0 | BC79: 0 | BD79: 0.9 | BE79: =2*BI79 -> 12 | BF79: 0 | BG79: 0 | BH79: 0 | BI79: 6 | BJ79: 6 | BK79: ESM/RWR | BO79: 1 | BR79: 1 | BX79: n | BY79: ="Approx "&TEXT((2*AA79),0)&" (2*SP)" -> Approx 10 (2*SP) | BZ79: Land
A80: 35 | B80: ="EMITTER_"&TEXT(A80,"0") -> EMITTER_35 | C80: =5*A80 -> 175 | D80: =A80*1000+E80 -> 35003 | E80: 3 | F80: Simple HOSTILE S/TA Emitter | G80: ="Z0"&TEXT(A80,"0")&"Z" -> Z035Z | H80: SEARCH_ACQUISITION | L80: 3900 | M80: 3950 | N80: =M80-L80 -> 50 | O80: =M80-L80 -> 50 | P80: STABLE | R80: 1200 | S80: 1400 | T80: =S80-R80 -> 200 | U80: STAGGER | V80: 4 Posn Stagger (1200 1400 1257 1333) | W80: 1 | X80: 1 | Y80: =X80-W80 -> 0 | Z80: 5 | AA80: 5 | AB80: MAU | AC80: 0 | AD80: 360 | AE80: 0 | AF80: 0 | AG80: 3 | AH80: 6 | AI80: 0 | AJ80: 0 | AK80: 0 | AL80: 100 | AM80: 25 | AN80: 0 | AO80: 0 | AP80: 0 | AQ80: 0 | AR80: 0 | AS80: 0 | AT80: 0 | AU80: 0 | AV80: 0 | AW80: 1 | AX80: 0 | AY80: 1 | AZ80: 0 | BA80: 1 | BB80: 0 | BC80: 0 | BD80: 0.9 | BE80: =2*BI80 -> 12 | BF80: 0 | BG80: 0 | BH80: 0 | BI80: 6 | BJ80: 6 | BK80: ESM/RWR | BO80: 1 | BR80: 1 | BX80: n | BY80: ="Approx "&TEXT((2*AA80),0)&" (2*SP)" -> Approx 10 (2*SP) | BZ80: Land
A81: 36 | B81: ="EMITTER_"&TEXT(A81,"0") -> EMITTER_36 | C81: =5*A81 -> 180 | D81: =A81*1000+E81 -> 36001 | E81: 1 | F81: Simple Friendly Emitter TA | G81: ="Z0"&TEXT(A81,"0")&"Z" -> Z036Z | H81: SEARCH_ACQUISITION | L81: 8800 | M81: 9000 | N81: =M81-L81 -> 200 | O81: =M81-L81 -> 200 | P81: STABLE | R81: 100 | S81: 497 | T81: =S81-R81 -> 397 | U81: AGILE | V81: 5 PRI (100 455 191 497 333) Dwell for 40 pulses each | W81: 2 | X81: 3 | Y81: =X81-W81 -> 1 | Z81: 4 | AA81: 4 | AB81: MAU | AC81: 0 | AD81: 360 | AE81: 0 | AF81: 0 | AG81: 4 | AH81: 7 | AI81: 0 | AJ81: 0 | AK81: 0 | AL81: 100 | AM81: 25 | AN81: 0 | AO81: 0 | AP81: 0 | AQ81: 0 | AR81: 0 | AS81: 0 | AT81: 0 | AU81: 0 | AV81: 0 | AW81: 1 | AX81: 0 | AY81: 1 | AZ81: 0 | BA81: 1 | BB81: 0 | BC81: 0 | BD81: 0.9 | BE81: 20 | BF81: 0 | BG81: 0 | BH81: 0 | BI81: NA | BJ81: 4 | BK81: ESM/RWR | BO81: 1 | BR81: 1 | BX81: n | BY81: ="Approx "&TEXT((2*AA81),0)&" (2*SP)" -> Approx 8 (2*SP) | BZ81: Land
A82: 37 | B82: ="EMITTER_"&TEXT(A82,"0") -> EMITTER_37 | C82: =5*A82 -> 185 | D82: =A82*1000+E82 -> 37002 | E82: 2 | F82: Simple FRIENDLY HF Emitter | G82: ="Z0"&TEXT(A82,"0")&"Z" -> Z037Z | H82: HEIGHT_FINDING | L82: 2700 | M82: 2750 | N82: =M82-L82 -> 50 | O82: =M82-L82 -> 50 | P82: STABLE | R82: 1666 | S82: 2140 | T82: =S82-R82 -> 474 | U82: STAGGER | V82: 5 posn stagger (1800 2140 1967 1666 1845) | W82: 2 | X82: 2 | Y82: =X82-W82 -> 0 | Z82: 1.883 | AA82: 1.884 | AB82: EEU | AC82: 0 | AD82: 0 | AE82: 0 | AF82: 94.18 | AG82: 3 | AH82: 3 | AI82: 0 | AJ82: 1 | AK82: 0 | AL82: 105 | AM82: 20 | AN82: 0 | AO82: 0 | AP82: 0 | AQ82: 0 | AR82: 20 | AS82: 60 | AT82: 0 | AU82: 0 | AV82: 0 | AW82: 1 | AX82: 0 | AY82: 0 | AZ82: 3 | BA82: 1 | BB82: 0 | BC82: 1 | BD82: 0.9 | BE82: 20 | BF82: 0 | BG82: 0 | BH82: 0 | BI82: NA | BJ82: 8 | BK82: ESM | BP82: 1 | BR82: 1 | BX82: n | BY82: ="Approx "&TEXT((2*AA82),0)&" (2*SP)" -> Approx 4 (2*SP) | BZ82: Land
A83: 37 | B83: ="EMITTER_"&TEXT(A83,"0") -> EMITTER_37 | C83: =5*A83 -> 185 | D83: =A83*1000+E83 -> 37001 | E83: 1 | F83: Simple FRIENDLY TA Emitter | G83: ="Z0"&TEXT(A83,"0")&"Z" -> Z037Z | H83: SEARCH_ACQUISITION | L83: 5000 | M83: 5050 | N83: =M83-L83 -> 50 | O83: =M83-L83 -> 50 | P83: STABLE | R83: 800 | S83: 1100 | T83: =S83-R83 -> 300 | U83: STAGGER | V83: 2 Posn Stagger (800 1100) | W83: 1 | X83: 1 | Y83: =X83-W83 -> 0 | Z83: 4 | AA83: 4 | AB83: MAU | AC83: 0 | AD83: 360 | AE83: 0 | AF83: 0 | AG83: 3 | AH83: 3 | AI83: 0 | AJ83: 0 | AK83: 0 | AL83: 105 | AM83: 20 | AN83: 0 | AO83: 0 | AP83: 0 | AQ83: 0 | AR83: 0 | AS83: 0 | AT83: 0 | AU83: 0 | AV83: 0 | AW83: 1 | AX83: 0 | AY83: 1 | AZ83: 0 | BA83: 1 | BB83: 0 | BC83: 1 | BD83: 0.9 | BE83: 20 | BF83: 0 | BG83: 0 | BH83: 0 | BI83: NA | BJ83: 6 | BK83: ESM | BM83: 1 | BX83: n | BY83: ="Approx "&TEXT((3*AA83),0)&" (3*SP)" -> Approx 12 (3*SP) | BZ83: Land
A84: 38 | B84: ="EMITTER_"&TEXT(A84,"0") -> EMITTER_38 | C84: =5*A84 -> 190 | D84: =A84*1000+E84 -> 38001 | E84: 1 | F84: Simple NEUTRAL S Emitter | G84: ="Z0"&TEXT(A84,"0")&"Z" -> Z038Z | H84: SEARCH | L84: 850 | M84: 900 | N84: =M84-L84 -> 50 | O84: =M84-L84 -> 50 | P84: AGILE | Q84: 3 Freq (850 875 900) pulse to pulse agile | R84: 1800 | S84: 1900 | T84: =S84-R84 -> 100 | U84: STABLE | W84: 1 | X84: 1 | Y84: =X84-W84 -> 0 | Z84: 20 | AA84: 20 | AB84: MAU | AC84: 0 | AD84: 360 | AE84: 0 | AF84: 0 | AG84: 3 | AH84: 5 | AI84: 0 | AJ84: 0 | AK84: 50? | AL84: 100 | AM84: 20 | AN84: 0 | AO84: 0 | AP84: 0 | AQ84: 0 | AR84: 0 | AS84: 0 | AT84: 0 | AU84: 0 | AV84: 0 | AW84: 1 | AX84: 0 | AY84: 1 | AZ84: 0 | BA84: 1 | BB84: 0 | BC84: 0 | BD84: 0.9 | BE84: =2*BI84 -> 12 | BF84: 0 | BG84: 0 | BH84: 0 | BI84: 6 | BJ84: 6 | BK84: ESM | BM84: 1 | BX84: n | BY84: ="Approx "&TEXT((3*AA84),0)&" (3*SP)" -> Approx 60 (3*SP) | BZ84: Land
A85: 39 | B85: ="EMITTER_"&TEXT(A85,"0") -> EMITTER_39 | C85: =5*A85 -> 195 | D85: =A85*1000+E85 -> 39001 | E85: 1 | F85: Simple FRIENDLY S Emitter HF | G85: ="Z0"&TEXT(A85,"0")&"Z" -> Z039Z | H85: HEIGHT_FINDING | L85: 2700 | M85: 2750 | N85: =M85-L85 -> 50 | O85: =M85-L85 -> 50 | P85: STABLE | R85: 3000 | S85: 3050 | T85: =S85-R85 -> 50 | U85: STABLE | W85: 4 | X85: 4 | Y85: =X85-W85 -> 0 | Z85: 30 | AA85: 30 | AB85: MAU | AC85: 0 | AD85: 360 | AE85: 0 | AF85: 0 | AG85: 3 | AH85: 2 | AI85: 0 | AJ85: 0 | AK85: 0 | AL85: 105 | AM85: 20 | AN85: 0 | AO85: 0 | AP85: 0 | AQ85: 0 | AR85: 0 | AS85: 30 | AT85: 0 | AU85: 0 | AV85: 0 | AW85: 1 | AX85: 0 | AY85: 1 | AZ85: 5 | BA85: 1 | BB85: 0 | BC85: 1 | BD85: 0.9 | BE85: 20 | BF85: 0 | BG85: 0 | BH85: 0 | BI85: NA | BJ85: 6 | BK85: ESM | BM85: 1 | BX85: n | BY85: ="Approx "&TEXT((3*AA85),0)&" (3*SP)" -> Approx 90 (3*SP) | BZ85: Land
A86: 39 | B86: ="EMITTER_"&TEXT(A86,"0") -> EMITTER_39 | C86: =5*A86 -> 195 | D86: =A86*1000+E86 -> 39002 | E86: 2 | F86: Simple FRIENDLY S Emitter HF | G86: ="Z0"&TEXT(A86,"0")&"Z" -> Z039Z | H86: HEIGHT_FINDING | L86: 2700 | M86: 2750 | N86: =M86-L86 -> 50 | O86: =M86-L86 -> 50 | P86: STABLE | R86: 2900 | S86: 2950 | T86: =S86-R86 -> 50 | U86: STABLE | W86: 4 | X86: 4 | Y86: =X86-W86 -> 0 | Z86: 6 | AA86: 6 | AB86: MAU | AC86: 0 | AD86: 360 | AE86: 0 | AF86: 0 | AG86: 3 | AH86: 2 | AI86: 0 | AJ86: 0 | AK86: 0 | AL86: 105 | AM86: 20 | AN86: 0 | AO86: 0 | AP86: 0 | AQ86: 0 | AR86: 0 | AS86: 30 | AT86: 0 | AU86: 0 | AV86: 0 | AW86: 1 | AX86: 0 | AY86: 1 | AZ86: 5 | BA86: 1 | BB86: 0 | BC86: 1 | BD86: 0.9 | BE86: 20 | BF86: 0 | BG86: 0 | BH86: 0 | BI86: NA | BJ86: 6 | BK86: ESM | BP86: 1 | BR86: 1 | BX86: n | BY86: ="Approx "&TEXT((3*AA86),0)&" (3*SP)" -> Approx 18 (3*SP) | BZ86: Land
A87: 39 | B87: ="EMITTER_"&TEXT(A87,"0") -> EMITTER_39 | C87: =5*A87 -> 195 | D87: =A87*1000+E87 -> 39003 | E87: 3 | F87: Simple FRIENDLY S Emitter HF | G87: ="Z0"&TEXT(A87,"0")&"Z" -> Z039Z | H87: HEIGHT_FINDING | L87: 2700 | M87: 2750 | N87: =M87-L87 -> 50 | O87: =M87-L87 -> 50 | P87: STABLE | R87: 2850 | S87: 2900 | T87: =S87-R87 -> 50 | U87: STABLE | W87: 4 | X87: 4 | Y87: =X87-W87 -> 0 | Z87: 18 | AA87: 18 | AB87: MAU | AC87: 0 | AD87: 360 | AE87: 0 | AF87: 0 | AG87: 3 | AH87: 2 | AI87: 0 | AJ87: 0 | AK87: 0 | AL87: 105 | AM87: 20 | AN87: 0 | AO87: 0 | AP87: 0 | AQ87: 0 | AR87: 0 | AS87: 30 | AT87: 0 | AU87: 0 | AV87: 0 | AW87: 1 | AX87: 0 | AY87: 1 | AZ87: 5 | BA87: 1 | BB87: 0 | BC87: 1 | BD87: 0.9 | BE87: 20 | BF87: 0 | BG87: 0 | BH87: 0 | BI87: NA | BJ87: 6 | BK87: ESM | BM87: 1 | BX87: n | BY87: ="Approx "&TEXT((3*AA87),0)&" (3*SP)" -> Approx 54 (3*SP) | BZ87: Land
A88: 39 | B88: ="EMITTER_"&TEXT(A88,"0") -> EMITTER_39 | C88: =5*A88 -> 195 | D88: =A88*1000+E88 -> 39004 | E88: 4 | F88: Simple FRIENDLY S Emitter HF | G88: ="Z0"&TEXT(A88,"0")&"Z" -> Z039Z | H88: HEIGHT_FINDING | L88: 2700 | M88: 2750 | N88: =M88-L88 -> 50 | O88: =M88-L88 -> 50 | P88: STABLE | R88: 3000 | S88: 3050 | T88: =S88-R88 -> 50 | U88: STABLE | W88: 4 | X88: 4 | Y88: =X88-W88 -> 0 | Z88: 12 | AA88: 12 | AB88: MAU | AC88: 0 | AD88: 360 | AE88: 0 | AF88: 0 | AG88: 3 | AH88: 2 | AI88: 0 | AJ88: 0 | AL88: 105 | AM88: 20 | AN88: 0 | AO88: 0 | AP88: 0 | AQ88: 0 | AR88: 0 | AS88: 30 | AT88: 0 | AU88: 0 | AV88: 0 | AW88: 1 | AX88: 0 | AY88: 1 | AZ88: 5 | BA88: 1 | BB88: 0 | BC88: 1 | BD88: 0.9 | BE88: 20 | BF88: 0 | BG88: 0 | BH88: 0 | BI88: NA | BJ88: 6 | BK88: ESM | BX88: n | BY88: ="Approx "&TEXT((3*AA88),0)&" (3*SP)" -> Approx 36 (3*SP) | BZ88: Land
A89: 40 | B89: ="EMITTER_"&TEXT(A89,"0") -> EMITTER_40 | C89: =5*A89 -> 200 | D89: =A89*1000+E89 -> 40001 | E89: 1 | F89: Simple HOSTILE TA Emitter | G89: ="Z0"&TEXT(A89,"0")&"Z" -> Z040Z | H89: SEARCH_ACQUISITION | L89: 4600 | M89: 4660 | N89: =M89-L89 -> 60 | O89: =M89-L89 -> 60 | P89: STABLE | R89: 600 | S89: 630 | T89: =S89-R89 -> 30 | U89: STAGGER | V89: 2 posn Stagger (600 630) | W89: 2 | X89: 20 | Y89: =X89-W89 -> 18 | Z89: 15 | AA89: 15 | AB89: MAU | AC89: 0 | AD89: 360 | AE89: 0 | AF89: 0 | AG89: 2 | AH89: 6 | AI89: 0 | AJ89: 0 | AK89: 0 | AL89: 115 | AM89: 15 | AN89: 0 | AO89: 0 | AP89: 0 | AQ89: 0 | AR89: 0 | AS89: 0 | AT89: 0 | AU89: 0 | AV89: 0 | AW89: 1 | AX89: 0 | AY89: 1 | AZ89: 0 | BA89: 1 | BB89: 0 | BC89: 0 | BD89: 0.9 | BE89: =2*BI89 -> 30 | BF89: 0 | BG89: 0 | BH89: 0 | BI89: 15 | BJ89: 5 | BK89: ESM/RWR | BM89: 1 | BX89: n | BY89: ="Approx "&TEXT((2*AA89),0)&" (2*SP)" -> Approx 30 (2*SP) | BZ89: Land
A90: 40 | B90: ="EMITTER_"&TEXT(A90,"0") -> EMITTER_40 | C90: =5*A90 -> 200 | D90: =A90*1000+E90 -> 40002 | E90: 2 | F90: Simple HOSTILE TA Emitter | G90: ="Z0"&TEXT(A90,"0")&"Z" -> Z040Z | H90: SEARCH_ACQUISITION | L90: 4600 | M90: 4660 | N90: =M90-L90 -> 60 | O90: =M90-L90 -> 60 | P90: STABLE | R90: 640 | S90: 670 | T90: =S90-R90 -> 30 | U90: STAGGER | V90: 2 posn Stagger (640 670) | W90: 2 | X90: 20 | Y90: =X90-W90 -> 18 | Z90: 15 | AA90: 15 | AB90: MAU | AC90: 0 | AD90: 360 | AE90: 0 | AF90: 0 | AG90: 2 | AH90: 6 | AI90: 0 | AJ90: 0 | AK90: 0 | AL90: 115 | AM90: 15 | AN90: 0 | AO90: 0 | AP90: 0 | AQ90: 0 | AR90: 0 | AS90: 0 | AT90: 0 | AU90: 0 | AV90: 0 | AW90: 1 | AX90: 0 | AY90: 1 | AZ90: 0 | BA90: 1 | BB90: 0 | BC90: 0 | BD90: 0.9 | BE90: =2*BI90 -> 30 | BF90: 0 | BG90: 0 | BH90: 0 | BI90: 15 | BJ90: 5 | BK90: ESM/RWR | BN90: 1 | BR90: 1 | BX90: n | BY90: ="Approx "&TEXT((2*AA90),0)&" (2*SP)" -> Approx 30 (2*SP) | BZ90: Land
A91: 40 | B91: ="EMITTER_"&TEXT(A91,"0") -> EMITTER_40 | C91: =5*A91 -> 200 | D91: =A91*1000+E91 -> 40003 | E91: 3 | F91: Simple HOSTILE TA Emitter | G91: ="Z0"&TEXT(A91,"0")&"Z" -> Z040Z | H91: SEARCH_ACQUISITION | L91: 4600 | M91: 4660 | N91: =M91-L91 -> 60 | O91: =M91-L91 -> 60 | P91: STABLE | R91: 1200 | S91: 1260 | T91: =S91-R91 -> 60 | U91: STAGGER | V91: 2 posn Stagger 1200 1260) | W91: 2 | X91: 40 | Y91: =X91-W91 -> 38 | Z91: 5 | AA91: 5 | AB91: MAU | AC91: 0 | AD91: 360 | AE91: 0 | AF91: 0 | AG91: 2 | AH91: 6 | AI91: 0 | AJ91: 0 | AK91: 0 | AL91: 115 | AM91: 15 | AN91: 0 | AO91: 0 | AP91: 0 | AQ91: 0 | AR91: 0 | AS91: 0 | AT91: 0 | AU91: 0 | AV91: 0 | AW91: 1 | AX91: 0 | AY91: 1 | AZ91: 0 | BA91: 1 | BB91: 0 | BC91: 0 | BD91: 0.9 | BE91: =2*BI91 -> 30 | BF91: 0 | BG91: 0 | BH91: 0 | BI91: 15 | BJ91: 5 | BK91: ESM/RWR | BO91: 1 | BT91: 1 | BU91: 1 | BX91: n | BY91: ="Approx "&TEXT((2*AA91),0)&" (2*SP)" -> Approx 10 (2*SP) | BZ91: Land
A92: 40 | B92: ="EMITTER_"&TEXT(A92,"0") -> EMITTER_40 | C92: =5*A92 -> 200 | D92: =A92*1000+E92 -> 40004 | E92: 4 | F92: Simple HOSTILE TA Emitter | G92: ="Z0"&TEXT(A92,"0")&"Z" -> Z040Z | H92: SEARCH_ACQUISITION | L92: 4600 | M92: 4660 | N92: =M92-L92 -> 60 | O92: =M92-L92 -> 60 | P92: STABLE | R92: 1280 | S92: 1320 | T92: =S92-R92 -> 40 | U92: STAGGER | V92: 2 posn Stagger (1280 1320) | W92: 2 | X92: 40 | Y92: =X92-W92 -> 38 | Z92: 5 | AA92: 5 | AB92: MAU | AC92: 0 | AD92: 360 | AE92: 0 | AF92: 0 | AG92: 2 | AH92: 6 | AI92: 0 | AJ92: 0 | AK92: 0 | AL92: 115 | AM92: 15 | AN92: 0 | AO92: 0 | AP92: 0 | AQ92: 0 | AR92: 0 | AS92: 0 | AT92: 0 | AU92: 0 | AV92: 0 | AW92: 1 | AX92: 0 | AY92: 1 | AZ92: 0 | BA92: 1 | BB92: 0 | BC92: 0 | BD92: 0.9 | BE92: =2*BI92 -> 30 | BF92: 0 | BG92: 0 | BH92: 0 | BI92: 15 | BJ92: 5 | BK92: ESM/RWR | BP92: 1 | BS92: 1 | BX92: n | BY92: ="Approx "&TEXT((2*AA92),0)&" (2*SP)" -> Approx 10 (2*SP) | BZ92: Land
A93: 41 | B93: ="EMITTER_"&TEXT(A93,"0") -> EMITTER_41 | C93: =5*A93 -> 205 | D93: =A93*1000+E93 -> 41001 | E93: 1 | F93: Simple HOSTILE TT Emitter | G93: ="Z0"&TEXT(A93,"0")&"Z" -> Z041Z | H93: TRACK | L93: 9000 | M93: 9059 | N93: =M93-L93 -> 59 | O93: =M93-L93 -> 59 | P93: STABLE | R93: 400 | S93: 500 | T93: =S93-R93 -> 100 | U93: STABLE | W93: 13 | X93: 14 | Y93: =X93-W93 -> 1 | Z93: 0 | AA93: 0 | AB93: STEADY | AC93: 0 | AD93: 0 | AE93: 0 | AF93: 9999 | AG93: 3 | AH93: 2 | AI93: 0 | AJ93: 0 | AK93: 0 | AL93: 105 | AM93: 20 | AN93: 0 | AO93: 0 | AP93: 0 | AQ93: 0 | AR93: 0 | AS93: 0 | AT93: 0 | AU93: 0 | AV93: 0 | AW93: 1 | AX93: 0 | AY93: 1 | AZ93: 8 | BA93: 1 | BB93: 0 | BC93: 1 | BD93: 0.9 | BE93: =2*BI93 -> 24 | BF93: 0 | BG93: 0 | BH93: 0 | BI93: 12 | BJ93: 3 | BK93: ESM/RWR | BN93: 1 | BX93: y | BY93: 4 | BZ93: Land
A94: 42 | B94: ="EMITTER_"&TEXT(A94,"0") -> EMITTER_42 | C94: =5*A94 -> 210 | D94: =A94*1000+E94 -> 42001 | E94: 1 | F94: Simple HOSTILE AAA | G94: ="Z0"&TEXT(A94,"0")&"Z" -> Z042Z | H94: Anti Aircraft FIRE_CONTROL | L94: 6000 | M94: 6010 | N94: =M94-L94 -> 10 | O94: =M94-L94 -> 10 | P94: STABLE | R94: 400 | S94: 400 | T94: =S94-R94 -> 0 | U94: STABLE | W94: 1 | X94: 1 | Y94: =X94-W94 -> 0 | Z94: 5 | AA94: 5 | AB94: MAU | AC94: 0 | AD94: 60 | AE94: 0 | AG94: 2 | AH94: 2 | AI94: 0 | AJ94: 0 | AK94: 0 | AL94: 115 | AM94: 15 | AN94: 0 | AO94: 0 | AP94: 0 | AQ94: 0 | AR94: 0 | AS94: 0 | AT94: 0 | AU94: 0 | AV94: 0 | AW94: 1 | AX94: 0 | AY94: 1 | AZ94: 0 | BA94: 1 | BB94: 0 | BC94: 0 | BD94: 0.9 | BE94: =2*BI94 -> 6 | BF94: 0 | BG94: 0 | BH94: 0 | BI94: 3 | BJ94: 2 | BK94: ESM/RWR | BM94: 1 | BX94: y | BY94: ="Approx "&TEXT((2*AA94),0)&" (2*SP)" -> Approx 10 (2*SP) | BZ94: Land
A95: 42 | B95: ="EMITTER_"&TEXT(A95,"0") -> EMITTER_42 | C95: =5*A95 -> 210 | D95: =A95*1000+E95 -> 42002 | E95: 2 | F95: Simple HOSTILE AAA | G95: ="Z0"&TEXT(A95,"0")&"Z" -> Z042Z | H95: Anti Aircraft FIRE_CONTROL | L95: 7000 | M95: 7050 | N95: =M95-L95 -> 50 | O95: =M95-L95 -> 50 | P95: STABLE | R95: 600 | S95: 666 | T95: =S95-R95 -> 66 | U95: STAGGER | V95: 2 Posn Stagger (600 666) | W95: 50 | X95: 50 | Y95: =X95-W95 -> 0 | Z95: 0.9915 | AA95: 0.9916 | AB95: EEB | AC95: 100 | AD95: 0 | AE95: 0 | AF95: 37.98 | AG95: 2 | AH95: 2 | AI95: 0 | AJ95: 1 | AK95: 0 | AL95: 115 | AM95: 15 | AN95: 0 | AO95: 0 | AP95: 0 | AQ95: 0 | AR95: 12 | AS95: 24 | AT95: 0 | AU95: 0 | AV95: 0 | AW95: 1 | AX95: 0 | AY95: 0 | AZ95: 2 | BA95: 1 | BB95: 0 | BC95: 0 | BD95: 0.9 | BE95: =2*BI95 -> 6 | BF95: 0 | BG95: 1 | BH95: 0 | BI95: 3 | BJ95: 2 | BK95: ESM/RWR | BM95: 1 | BX95: y | BY95: ="Approx "&TEXT((2*AA95),0)&" (2*SP)" -> Approx 2 (2*SP) | BZ95: Land
A96: 42 | B96: ="EMITTER_"&TEXT(A96,"0") -> EMITTER_42 | C96: =5*A96 -> 210 | D96: =A96*1000+E96 -> 42003 | E96: 3 | F96: Simple HOSTILE AAA | G96: ="Z0"&TEXT(A96,"0")&"Z" -> Z042Z | H96: Anti Aircraft FIRE_CONTROL | L96: 9800 | M96: 9900 | N96: =M96-L96 -> 100 | O96: =M96-L96 -> 100 | P96: STABLE | R96: 500 | S96: 650 | T96: =S96-R96 -> 150 | U96: AGILE | V96: 5 PRI (650 500 621 533 598) (random pulse to pulse agility at these discrete levels) | W96: 1 | X96: 1 | Y96: =X96-W96 -> 0 | Z96: 0 | AA96: 0 | AB96: STEADY | AC96: 0 | AD96: 0 | AE96: 0 | AF96: 9999 | AG96: 2 | AH96: 2 | AI96: 0 | AJ96: 0 | AK96: 0 | AL96: 115 | AM96: 15 | AN96: 0 | AO96: 0 | AP96: 0 | AQ96: 0 | AR96: 0 | AS96: 0 | AT96: 0 | AU96: 0 | AV96: 0 | AW96: 1 | AX96: 0 | AY96: 1 | AZ96: 8 | BA96: 1 | BB96: 0 | BC96: 0 | BD96: 0.9 | BE96: =2*BI96 -> 6 | BF96: 0 | BG96: 0 | BH96: 0 | BI96: 3 | BJ96: 2 | BK96: ESM/RWR | BM96: 1 | BX96: y | BY96: 2 | BZ96: Land
A97: 43 | B97: ="EMITTER_"&TEXT(A97,"0") -> EMITTER_43 | C97: =5*A97 -> 215 | D97: =A97*1000+E97 -> 43003 | E97: 3 | F97: Simple HOSTILE MG Emitter | G97: ="Z144"&"A" -> Z144A | H97: AIRBORNE_TRACK_GUIDANCE | L97: 888 | M97: 910 | N97: =M97-L97 -> 22 | O97: =M97-L97 -> 22 | P97: OOK | Q97: 500 msec ON 50 msec off | R97: 0 | S97: 0 | T97: =S97-R97 -> 0 | U97: CW | W97: 0 | X97: 0 | Y97: =X97-W97 -> 0 | Z97: 0 | AA97: 0 | AB97: STEADY | AC97: 50 | AD97: 0 | AE97: 0 | AF97: 500 | AG97: 3 | AH97: 3 | AI97: 0 | AJ97: 0 | AK97: 22? | AL97: 90 | AM97: 25 | AN97: 0 | AO97: 0 | AP97: 0 | AQ97: 0 | AR97: 0 | AS97: 0 | AT97: 0 | AU97: 0 | AV97: 0 | AW97: 4 | AX97: 1 | AY97: 1 | AZ97: 8 | BA97: 0 | BB97: 1 | BC97: 1 | BD97: 0.9 | BE97: =2*BI97 -> 24 | BF97: 0 | BG97: 0 | BH97: 400 | BI97: 12 | BJ97: 2 | BK97: ESM/RWR | BO97: 1 | BR97: 1 | BX97: y | BY97: ="Approx "&TEXT((2*AA97),0)&" (2*SP)" -> Approx 0 (2*SP) | BZ97: Airborne
A98: 43 | B98: ="EMITTER_"&TEXT(A98,"0") -> EMITTER_43 | C98: =5*A98 -> 215 | D98: =A98*1000+E98 -> 43004 | E98: 4 | F98: Simple HOSTILE MG Emitter | G98: =G97 -> Z144A | H98: AIRBORNE_TRACK_GUIDANCE | L98: 888 | M98: 910 | N98: =M98-L98 -> 22 | O98: =M98-L98 -> 22 | P98: STABLE | R98: 0 | S98: 0 | T98: =S98-R98 -> 0 | U98: CW | W98: 0 | X98: 0 | Y98: =X98-W98 -> 0 | Z98: 0 | AA98: 0 | AB98: STEADY | AC98: 0 | AD98: 0 | AE98: 0 | AF98: 9999 | AG98: 3 | AH98: 3 | AI98: 0 | AJ98: 0 | AK98: 0 | AL98: 90 | AM98: 25 | AN98: 0 | AO98: 0 | AP98: 0 | AQ98: 0 | AR98: 0 | AS98: 0 | AT98: 0 | AU98: 0 | AV98: 0 | AW98: 4 | AX98: 1 | AY98: 1 | AZ98: 8 | BA98: 0 | BB98: 1 | BC98: 0 | BD98: 0.9 | BE98: =2*BI98 -> 24 | BF98: 0 | BG98: 0 | BH98: 400 | BI98: 12 | BJ98: 2 | BK98: ESM/RWR | BM98: 1 | BW98: Conical Scan. Fill in Numbers that make sense. | BX98: y | BY98: 2 | BZ98: Airborne
A99: 43 | B99: ="EMITTER_"&TEXT(A99,"0") -> EMITTER_43 | C99: =5*A99 -> 215 | D99: =A99*1000+E99 -> 43001 | E99: 1 | F99: Simple HOSTILE TT Emitter | G99: ="Z1"&TEXT(A99,"0")&"A" -> Z143A | H99: AIRBORNE_TRACK_GUIDANCE | L99: 5700 | M99: 5750 | N99: =M99-L99 -> 50 | O99: =M99-L99 -> 50 | P99: STABLE | R99: 1000 | S99: 1010 | T99: =S99-R99 -> 10 | U99: STABLE | W99: 1 | X99: 1 | Y99: =X99-W99 -> 0 | Z99: 3.5 | AA99: 3.535 | AB99: EAB | AC99: 50 | AD99: 21 | AE99: 0 | AF99: 252.5 | AG99: 3 | AH99: 5 | AI99: 3 | AJ99: 7 | AK99: 0 | AL99: 115 | AM99: 10 | AN99: 0 | AO99: 0 | AP99: 0 | AQ99: 0 | AR99: 2 | AS99: 10 | AT99: 0 | AU99: 0 | AV99: 0 | AW99: 4 | AX99: 1 | AY99: 1 | AZ99: 2 | BA99: 0 | BB99: 1 | BC99: 0 | BD99: 0.9 | BE99: =2*BI99 -> 24 | BF99: 0 | BG99: 1 | BH99: 400 | BI99: 12 | BJ99: 3 | BK99: ESM/RWR | BM99: 1 | BW99: One of the two Track modes and one of the two MG modes can be on simulaneously, display as a single weapon system | BX99: y | BY99: 2 | BZ99: Airborne
A100: 43 | B100: ="EMITTER_"&TEXT(A100,"0") -> EMITTER_43 | C100: =5*A100 -> 215 | D100: =A100*1000+E100 -> 43002 | E100: 2 | F100: Simple HOSTILE TT Emitter | G100: ="Z1"&TEXT(A100,"0")&"A" -> Z143A | H100: AIRBORNE_TRACK_GUIDANCE | L100: 5800 | M100: 5850 | N100: =M100-L100 -> 50 | O100: =M100-L100 -> 50 | P100: STABLE | R100: 1000 | S100: 1010 | T100: =S100-R100 -> 10 | U100: STABLE | W100: 1 | X100: 1 | Y100: =X100-W100 -> 0 | Z100: 0 | AA100: 0 | AB100: CONICAL | AC100: 0 | AD100: 0 | AE100: 0 | AF100: 0 | AG100: 2 | AH100: 2 | AI100: 0 | AJ100: 0 | AK100: 0 | AL100: 115 | AM100: 10 | AN100: 0 | AO100: 0 | AP100: 0 | AQ100: 0 | AR100: 0 | AS100: 0 | AT100: 0 | AU100: 0 | AV100: 0 | AW100: 4 | AX100: 1 | AY100: 1 | AZ100: 8 | BA100: 0 | BB100: 1 | BC100: 0 | BD100: 0.9 | BE100: =2*BI100 -> 24 | BF100: 0 | BG100: 0 | BH100: 400 | BI100: 12 | BJ100: 3 | BK100: ESM/RWR | BO100: 1 | BR100: 1 | BX100: y | BY100: 2 | BZ100: Airborne
...

Sheet Plot Data Sheet
A1: ='MHP Emulator Emitter List'!B1 -> EMITTER_NAME | B1: Freq_Range(MHz) | C1: PRI_Range(usec) | D1: PW_Range(usec)
A2: ='MHP Emulator Emitter List'!B2 -> EMITTER_01 | B2: ='MHP Emulator Emitter List'!M2-'MHP Emulator Emitter List'!L2 -> 100 | C2: ='MHP Emulator Emitter List'!S2-'MHP Emulator Emitter List'!R2 -> 0 | D2: ='MHP Emulator Emitter List'!X2-'MHP Emulator Emitter List'!W2 -> 0
A3: ='MHP Emulator Emitter List'!B5 -> EMITTER_02 | B3: ='MHP Emulator Emitter List'!M5-'MHP Emulator Emitter List'!L5 -> 100 | C3: ='MHP Emulator Emitter List'!S5-'MHP Emulator Emitter List'!R5 -> 20 | D3: ='MHP Emulator Emitter List'!X5-'MHP Emulator Emitter List'!W5 -> 1
A4: ='MHP Emulator Emitter List'!B7 -> EMITTER_03 | B4: ='MHP Emulator Emitter List'!M7-'MHP Emulator Emitter List'!L7 -> 50 | C4: ='MHP Emulator Emitter List'!S7-'MHP Emulator Emitter List'!R7 -> 30 | D4: ='MHP Emulator Emitter List'!X7-'MHP Emulator Emitter List'!W7 -> 1
A5: ='MHP Emulator Emitter List'!B8 -> EMITTER_03 | B5: ='MHP Emulator Emitter List'!M8-'MHP Emulator Emitter List'!L8 -> 50 | C5: ='MHP Emulator Emitter List'!S8-'MHP Emulator Emitter List'!R8 -> 63 | D5: ='MHP Emulator Emitter List'!X8-'MHP Emulator Emitter List'!W8 -> 4
A6: ='MHP Emulator Emitter List'!B9 -> EMITTER_04 | B6: ='MHP Emulator Emitter List'!M9-'MHP Emulator Emitter List'!L9 -> 50 | C6: ='MHP Emulator Emitter List'!S9-'MHP Emulator Emitter List'!R9 -> 400 | D6: ='MHP Emulator Emitter List'!X9-'MHP Emulator Emitter List'!W9 -> 2
A7: ='MHP Emulator Emitter List'!B14 -> EMITTER_07 | B7: ='MHP Emulator Emitter List'!M14-'MHP Emulator Emitter List'!L14 -> 50 | C7: ='MHP Emulator Emitter List'!S14-'MHP Emulator Emitter List'!R14 -> 0 | D7: ='MHP Emulator Emitter List'!X14-'MHP Emulator Emitter List'!W14 -> 0
A8: ='MHP Emulator Emitter List'!B15 -> EMITTER_08 | B8: ='MHP Emulator Emitter List'!M15-'MHP Emulator Emitter List'!L15 -> 200 | C8: ='MHP Emulator Emitter List'!S15-'MHP Emulator Emitter List'!R15 -> 60 | D8: ='MHP Emulator Emitter List'!X15-'MHP Emulator Emitter List'!W15 -> 3
A9: ='MHP Emulator Emitter List'!B17 -> EMITTER_08 | B9: ='MHP Emulator Emitter List'!M17-'MHP Emulator Emitter List'!L17 -> 90 | C9: ='MHP Emulator Emitter List'!S17-'MHP Emulator Emitter List'!R17 -> 60 | D9: ='MHP Emulator Emitter List'!X17-'MHP Emulator Emitter List'!W17 -> 3
A10: ='MHP Emulator Emitter List'!B19 -> EMITTER_09 | B10: ='MHP Emulator Emitter List'!M19-'MHP Emulator Emitter List'!L19 -> 500 | C10: ='MHP Emulator Emitter List'!S19-'MHP Emulator Emitter List'!R19 -> 11 | D10: ='MHP Emulator Emitter List'!X19-'MHP Emulator Emitter List'!W19 -> 4
A11: ='MHP Emulator Emitter List'!B20 -> EMITTER_09 | B11: ='MHP Emulator Emitter List'!M20-'MHP Emulator Emitter List'!L20 -> 240 | C11: ='MHP Emulator Emitter List'!S20-'MHP Emulator Emitter List'!R20 -> 10 | D11: ='MHP Emulator Emitter List'!X20-'MHP Emulator Emitter List'!W20 -> 1
A12: ='MHP Emulator Emitter List'!B24 -> EMITTER_11 | B12: ='MHP Emulator Emitter List'!M24-'MHP Emulator Emitter List'!L24 -> 200 | C12: ='MHP Emulator Emitter List'!S24-'MHP Emulator Emitter List'!R24 -> 100 | D12: ='MHP Emulator Emitter List'!X24-'MHP Emulator Emitter List'!W24 -> 0.1
A13: ='MHP Emulator Emitter List'!B26 -> EMITTER_12 | B13: ='MHP Emulator Emitter List'!M26-'MHP Emulator Emitter List'!L26 -> 80 | C13: ='MHP Emulator Emitter List'!S26-'MHP Emulator Emitter List'!R26 -> 20 | D13: ='MHP Emulator Emitter List'!X26-'MHP Emulator Emitter List'!W26 -> 1
A14: ='MHP Emulator Emitter List'!B27 -> EMITTER_12 | B14: ='MHP Emulator Emitter List'!M27-'MHP Emulator Emitter List'!L27 -> 10 | C14: ='MHP Emulator Emitter List'!S27-'MHP Emulator Emitter List'!R27 -> 30 | D14: ='MHP Emulator Emitter List'!X27-'MHP Emulator Emitter List'!W27 -> 0.5
A15: ='MHP Emulator Emitter List'!B28 -> EMITTER_12 | B15: ='MHP Emulator Emitter List'!M28-'MHP Emulator Emitter List'!L28 -> 230 | C15: ='MHP Emulator Emitter List'!S28-'MHP Emulator Emitter List'!R28 -> 250 | D15: ='MHP Emulator Emitter List'!X28-'MHP Emulator Emitter List'!W28 -> 3
A16: ='MHP Emulator Emitter List'!B29 -> EMITTER_13 | B16: ='MHP Emulator Emitter List'!M29-'MHP Emulator Emitter List'!L29 -> 50 | C16: ='MHP Emulator Emitter List'!S29-'MHP Emulator Emitter List'!R29 -> 734 | D16: ='MHP Emulator Emitter List'!X29-'MHP Emulator Emitter List'!W29 -> 2
A17: ='MHP Emulator Emitter List'!B30 -> EMITTER_13 | B17: ='MHP Emulator Emitter List'!M30-'MHP Emulator Emitter List'!L30 -> 50 | C17: ='MHP Emulator Emitter List'!S30-'MHP Emulator Emitter List'!R30 -> 980 | D17: ='MHP Emulator Emitter List'!X30-'MHP Emulator Emitter List'!W30 -> 2
A18: ='MHP Emulator Emitter List'!B31 -> EMITTER_13 | B18: ='MHP Emulator Emitter List'!M31-'MHP Emulator Emitter List'!L31 -> 150 | C18: ='MHP Emulator Emitter List'!S31-'MHP Emulator Emitter List'!R31 -> 588 | D18: ='MHP Emulator Emitter List'!X31-'MHP Emulator Emitter List'!W31 -> 0.6
A19: ='MHP Emulator Emitter List'!B32 -> EMITTER_14 | B19: ='MHP Emulator Emitter List'!M32-'MHP Emulator Emitter List'!L32 -> 50 | C19: ='MHP Emulator Emitter List'!S32-'MHP Emulator Emitter List'!R32 -> 30 | D19: ='MHP Emulator Emitter List'!X32-'MHP Emulator Emitter List'!W32 -> 2
A20: ='MHP Emulator Emitter List'!#REF! -> #REF! | B20: ='MHP Emulator Emitter List'!#REF!-'MHP Emulator Emitter List'!#REF! -> #REF! | C20: ='MHP Emulator Emitter List'!#REF!-'MHP Emulator Emitter List'!#REF! -> #REF! | D20: ='MHP Emulator Emitter List'!#REF!-'MHP Emulator Emitter List'!#REF! -> #REF!
A21: ='MHP Emulator Emitter List'!B37 -> EMITTER_16 | B21: ='MHP Emulator Emitter List'!M37-'MHP Emulator Emitter List'!L37 -> 200 | C21: ='MHP Emulator Emitter List'!S37-'MHP Emulator Emitter List'!R37 -> 400 | D21: ='MHP Emulator Emitter List'!X37-'MHP Emulator Emitter List'!W37 -> 1
A22: ='MHP Emulator Emitter List'!B41 -> EMITTER_17 | B22: ='MHP Emulator Emitter List'!M41-'MHP Emulator Emitter List'!L41 -> 200 | C22: ='MHP Emulator Emitter List'!S41-'MHP Emulator Emitter List'!R41 -> 37 | D22: ='MHP Emulator Emitter List'!X41-'MHP Emulator Emitter List'!W41 -> 1
A23: ='MHP Emulator Emitter List'!B42 -> EMITTER_18 | B23: ='MHP Emulator Emitter List'!M42-'MHP Emulator Emitter List'!L42 -> 500 | C23: ='MHP Emulator Emitter List'!S42-'MHP Emulator Emitter List'!R42 -> 600 | D23: ='MHP Emulator Emitter List'!X42-'MHP Emulator Emitter List'!W42 -> 10
A26: ='MHP Emulator Emitter List'!B44 -> EMITTER_18 | B26: ='MHP Emulator Emitter List'!M44-'MHP Emulator Emitter List'!L44 -> 500 | C26: ='MHP Emulator Emitter List'!S44-'MHP Emulator Emitter List'!R44 -> 0.5 | D26: ='MHP Emulator Emitter List'!X44-'MHP Emulator Emitter List'!W44 -> 0.2
A27: ='MHP Emulator Emitter List'!B45 -> EMITTER_19 | B27: ='MHP Emulator Emitter List'!M45-'MHP Emulator Emitter List'!L45 -> 50 | C27: ='MHP Emulator Emitter List'!S45-'MHP Emulator Emitter List'!R45 -> 525 | D27: ='MHP Emulator Emitter List'!X45-'MHP Emulator Emitter List'!W45 -> 2
A28: ='MHP Emulator Emitter List'!B46 -> EMITTER_19 | B28: ='MHP Emulator Emitter List'!M46-'MHP Emulator Emitter List'!L46 -> 30 | C28: ='MHP Emulator Emitter List'!S46-'MHP Emulator Emitter List'!R46 -> 525 | D28: ='MHP Emulator Emitter List'!X46-'MHP Emulator Emitter List'!W46 -> 2
A29: ='MHP Emulator Emitter List'!B47 -> EMITTER_20 | B29: ='MHP Emulator Emitter List'!M47-'MHP Emulator Emitter List'!L47 -> 167 | C29: ='MHP Emulator Emitter List'!S47-'MHP Emulator Emitter List'!R47 -> 50 | D29: ='MHP Emulator Emitter List'!X47-'MHP Emulator Emitter List'!W47 -> 0.1
A30: ='MHP Emulator Emitter List'!B48 -> EMITTER_21 | B30: ='MHP Emulator Emitter List'!M48-'MHP Emulator Emitter List'!L48 -> 200 | C30: ='MHP Emulator Emitter List'!S48-'MHP Emulator Emitter List'!R48 -> 55 | D30: ='MHP Emulator Emitter List'!X48-'MHP Emulator Emitter List'!W48 -> 0.1
A31: ='MHP Emulator Emitter List'!B49 -> EMITTER_21 | B31: ='MHP Emulator Emitter List'!M49-'MHP Emulator Emitter List'!L49 -> 200 | C31: ='MHP Emulator Emitter List'!S49-'MHP Emulator Emitter List'!R49 -> 29 | D31: ='MHP Emulator Emitter List'!X49-'MHP Emulator Emitter List'!W49 -> 1
A32: ='MHP Emulator Emitter List'!B50 -> EMITTER_22 | B32: ='MHP Emulator Emitter List'!M50-'MHP Emulator Emitter List'!L50 -> 100 | C32: ='MHP Emulator Emitter List'!S50-'MHP Emulator Emitter List'!R50 -> 50 | D32: ='MHP Emulator Emitter List'!X50-'MHP Emulator Emitter List'!W50 -> 2
A33: ='MHP Emulator Emitter List'!B52 -> EMITTER_22 | B33: ='MHP Emulator Emitter List'!M52-'MHP Emulator Emitter List'!L52 -> 100 | C33: ='MHP Emulator Emitter List'!S52-'MHP Emulator Emitter List'!R52 -> 15 | D33: ='MHP Emulator Emitter List'!X52-'MHP Emulator Emitter List'!W52 -> 12
A34: ='MHP Emulator Emitter List'!#REF! -> #REF! | B34: ='MHP Emulator Emitter List'!#REF!-'MHP Emulator Emitter List'!#REF! -> #REF! | C34: ='MHP Emulator Emitter List'!#REF!-'MHP Emulator Emitter List'!#REF! -> #REF! | D34: ='MHP Emulator Emitter List'!#REF!-'MHP Emulator Emitter List'!#REF! -> #REF!
A35: ='MHP Emulator Emitter List'!B56 -> EMITTER_25 | B35: ='MHP Emulator Emitter List'!M56-'MHP Emulator Emitter List'!L56 -> 2 | C35: ='MHP Emulator Emitter List'!S56-'MHP Emulator Emitter List'!R56 -> 0 | D35: ='MHP Emulator Emitter List'!X56-'MHP Emulator Emitter List'!W56 -> 1
A36: ='MHP Emulator Emitter List'!B57 -> EMITTER_25 | B36: ='MHP Emulator Emitter List'!M57-'MHP Emulator Emitter List'!L57 -> 2 | C36: ='MHP Emulator Emitter List'!S57-'MHP Emulator Emitter List'!R57 -> 0 | D36: ='MHP Emulator Emitter List'!X57-'MHP Emulator Emitter List'!W57 -> 2
A37: ='MHP Emulator Emitter List'!B58 -> EMITTER_25 | B37: ='MHP Emulator Emitter List'!M58-'MHP Emulator Emitter List'!L58 -> 2 | C37: ='MHP Emulator Emitter List'!S58-'MHP Emulator Emitter List'!R58 -> 0 | D37: ='MHP Emulator Emitter List'!X58-'MHP Emulator Emitter List'!W58 -> 2
A38: ='MHP Emulator Emitter List'!#REF! -> #REF! | B38: ='MHP Emulator Emitter List'!#REF!-'MHP Emulator Emitter List'!#REF! -> #REF! | C38: ='MHP Emulator Emitter List'!#REF!-'MHP Emulator Emitter List'!#REF! -> #REF! | D38: ='MHP Emulator Emitter List'!#REF!-'MHP Emulator Emitter List'!#REF! -> #REF!
A39: ='MHP Emulator Emitter List'!B63 -> EMITTER_27 | B39: ='MHP Emulator Emitter List'!M63-'MHP Emulator Emitter List'!L63 -> 0 | C39: ='MHP Emulator Emitter List'!S63-'MHP Emulator Emitter List'!R63 -> 0 | D39: ='MHP Emulator Emitter List'!X63-'MHP Emulator Emitter List'!W63 -> 3.6
A40: ='MHP Emulator Emitter List'!B65 -> EMITTER_27 | B40: ='MHP Emulator Emitter List'!M65-'MHP Emulator Emitter List'!L65 -> 50 | C40: ='MHP Emulator Emitter List'!S65-'MHP Emulator Emitter List'!R65 -> 0 | D40: ='MHP Emulator Emitter List'!X65-'MHP Emulator Emitter List'!W65 -> 3
A41: ='MHP Emulator Emitter List'!B67 -> EMITTER_28 | B41: ='MHP Emulator Emitter List'!M67-'MHP Emulator Emitter List'!L67 -> 220 | C41: ='MHP Emulator Emitter List'!S67-'MHP Emulator Emitter List'!R67 -> 200 | D41: ='MHP Emulator Emitter List'!X67-'MHP Emulator Emitter List'!W67 -> 1
A42: ='MHP Emulator Emitter List'!B70 -> EMITTER_30 | B42: ='MHP Emulator Emitter List'!M70-'MHP Emulator Emitter List'!L70 -> 100 | C42: ='MHP Emulator Emitter List'!S70-'MHP Emulator Emitter List'!R70 -> 49 | D42: ='MHP Emulator Emitter List'!X70-'MHP Emulator Emitter List'!W70 -> 2
A43: ='MHP Emulator Emitter List'!B72 -> EMITTER_31 | B43: ='MHP Emulator Emitter List'!M72-'MHP Emulator Emitter List'!L72 -> 50 | C43: ='MHP Emulator Emitter List'!S72-'MHP Emulator Emitter List'!R72 -> 295 | D43: ='MHP Emulator Emitter List'!X72-'MHP Emulator Emitter List'!W72 -> -23
A44: ='MHP Emulator Emitter List'!B75 -> EMITTER_34 | B44: ='MHP Emulator Emitter List'!M75-'MHP Emulator Emitter List'!L75 -> 200 | C44: ='MHP Emulator Emitter List'!S75-'MHP Emulator Emitter List'!R75 -> 20 | D44: ='MHP Emulator Emitter List'!X75-'MHP Emulator Emitter List'!W75 -> 0
A45: ='MHP Emulator Emitter List'!B77 -> EMITTER_34 | B45: ='MHP Emulator Emitter List'!M77-'MHP Emulator Emitter List'!L77 -> 78 | C45: ='MHP Emulator Emitter List'!S77-'MHP Emulator Emitter List'!R77 -> 50 | D45: ='MHP Emulator Emitter List'!X77-'MHP Emulator Emitter List'!W77 -> 0
A46: ='MHP Emulator Emitter List'!B80 -> EMITTER_35 | B46: ='MHP Emulator Emitter List'!M80-'MHP Emulator Emitter List'!L80 -> 50 | C46: ='MHP Emulator Emitter List'!S80-'MHP Emulator Emitter List'!R80 -> 200 | D46: ='MHP Emulator Emitter List'!X80-'MHP Emulator Emitter List'!W80 -> 0
A47: ='MHP Emulator Emitter List'!B84 -> EMITTER_38 | B47: ='MHP Emulator Emitter List'!M84-'MHP Emulator Emitter List'!L84 -> 50 | C47: ='MHP Emulator Emitter List'!S84-'MHP Emulator Emitter List'!R84 -> 100 | D47: ='MHP Emulator Emitter List'!X84-'MHP Emulator Emitter List'!W84 -> 0
A48: ='MHP Emulator Emitter List'!B86 -> EMITTER_39 | B48: ='MHP Emulator Emitter List'!M86-'MHP Emulator Emitter List'!L86 -> 50 | C48: ='MHP Emulator Emitter List'!S86-'MHP Emulator Emitter List'!R86 -> 50 | D48: ='MHP Emulator Emitter List'!X86-'MHP Emulator Emitter List'!W86 -> 0
A49: ='MHP Emulator Emitter List'!B87 -> EMITTER_39 | B49: ='MHP Emulator Emitter List'!M87-'MHP Emulator Emitter List'!L87 -> 50 | C49: ='MHP Emulator Emitter List'!S87-'MHP Emulator Emitter List'!R87 -> 50 | D49: ='MHP Emulator Emitter List'!X87-'MHP Emulator Emitter List'!W87 -> 0
A50: ='MHP Emulator Emitter List'!B90 -> EMITTER_40 | B50: ='MHP Emulator Emitter List'!M90-'MHP Emulator Emitter List'!L90 -> 60 | C50: ='MHP Emulator Emitter List'!S90-'MHP Emulator Emitter List'!R90 -> 30 | D50: ='MHP Emulator Emitter List'!X90-'MHP Emulator Emitter List'!W90 -> 18
A51: ='MHP Emulator Emitter List'!B91 -> EMITTER_40 | B51: ='MHP Emulator Emitter List'!M91-'MHP Emulator Emitter List'!L91 -> 60 | C51: ='MHP Emulator Emitter List'!S91-'MHP Emulator Emitter List'!R91 -> 60 | D51: ='MHP Emulator Emitter List'!X91-'MHP Emulator Emitter List'!W91 -> 38
A52: ='MHP Emulator Emitter List'!B93 -> EMITTER_41 | B52: ='MHP Emulator Emitter List'!M94-'MHP Emulator Emitter List'!L94 -> 10 | C52: ='MHP Emulator Emitter List'!S94-'MHP Emulator Emitter List'!R94 -> 0 | D52: ='MHP Emulator Emitter List'!X94-'MHP Emulator Emitter List'!W94 -> 0
A53: ='MHP Emulator Emitter List'!B96 -> EMITTER_42 | B53: ='MHP Emulator Emitter List'!M96-'MHP Emulator Emitter List'!L96 -> 100 | C53: ='MHP Emulator Emitter List'!S96-'MHP Emulator Emitter List'!R96 -> 150 | D53: ='MHP Emulator Emitter List'!X96-'MHP Emulator Emitter List'!W96 -> 0
A54: ='MHP Emulator Emitter List'!#REF! -> #REF! | B54: ='MHP Emulator Emitter List'!#REF!-'MHP Emulator Emitter List'!#REF! -> #REF! | C54: ='MHP Emulator Emitter List'!#REF!-'MHP Emulator Emitter List'!#REF! -> #REF! | D54: ='MHP Emulator Emitter List'!#REF!-'MHP Emulator Emitter List'!#REF! -> #REF!
A55: ='MHP Emulator Emitter List'!B101 -> EMITTER_44 | B55: ='MHP Emulator Emitter List'!M101-'MHP Emulator Emitter List'!L101 -> 200 | C55: ='MHP Emulator Emitter List'!S101-'MHP Emulator Emitter List'!R101 -> 1200 | D55: ='MHP Emulator Emitter List'!X101-'MHP Emulator Emitter List'!W101 -> 0
A56: ='MHP Emulator Emitter List'!B104 -> EMITTER_45 | B56: ='MHP Emulator Emitter List'!M104-'MHP Emulator Emitter List'!L104 -> 86 | C56: ='MHP Emulator Emitter List'!S104-'MHP Emulator Emitter List'!R104 -> 20 | D56: ='MHP Emulator Emitter List'!X104-'MHP Emulator Emitter List'!W104 -> 0
A57: ='MHP Emulator Emitter List'!B107 -> EMITTER_48 | B57: ='MHP Emulator Emitter List'!M107-'MHP Emulator Emitter List'!L107 -> 50 | C57: ='MHP Emulator Emitter List'!S107-'MHP Emulator Emitter List'!R107 -> 50 | D57: ='MHP Emulator Emitter List'!X107-'MHP Emulator Emitter List'!W107 -> 0
A58: ='MHP Emulator Emitter List'!B108 -> EMITTER_48 | B58: ='MHP Emulator Emitter List'!M108-'MHP Emulator Emitter List'!L108 -> 200 | C58: ='MHP Emulator Emitter List'!S108-'MHP Emulator Emitter List'!R108 -> 40 | D58: ='MHP Emulator Emitter List'!X108-'MHP Emulator Emitter List'!W108 -> 0

Sheet Parameter Description
A1: MDF Variable | B1: Description
A2: Index | B2: The number (sequential) of the emitter in the MDF.
A3: EMITTER/NATO NAME | B3: The NATO name for the emitter. For the Unclassified Libraries the Emitter name is represented by Emitter_Index, where Index is the value listed in th first column.
A4: EID | B4: Emitter Identification. The unique emitter ID of the MDF entry. In the unclassified libraries this is simply a unique number. For the classfied libraries a List of EIDs will be determined by CFAWC EWOS.
A5: Amb EID | B5: A list of EIDs that are ambiguous with the emitter. If the row is blank, there is no ambiguity.
A6: Mode | B6: The emitter will contain 1 or more modes. This value indicates the mode of the specific entry.
A7: DESCRIPTION | B7: Describes the Hostility and the function of the specific emitter entry. The Hostility valus are given in Table 3-2, and the function values given in table 3-3.
A8: ELNOT | B8: Electronic Intelligence Notation. This is a unique identifier assigned to each emitter. For the unclassifed libraries, these values are made up. For classified libraries the ELNOT would be determined from the Electronic Warfare Integrated Reprogramming (EWIR) database.
A9: Highest_Active_Function | B9: Indicates the function of the specific emitter mode. The range of values is described in table 3-3.
A10: Threat Display | B10: The Symbol used to represent the emitter on the SDS Display
A11: Threat Priority | B11: The overall priority of the Emitter
A12: Threat Tone | B12: The tone generated when the Threat is detected.
... A25: Scan_Pattern | B25: Scan Pattern. Scan Pattern values are listed in table 3-6.
A26: Dead Time x.xx
A27: Az Sector Width xxx.x
A28: Az Slew Rate x.xxxxx
A29: TIMB xxxx.x
A30: Az BW xx.x
A31: El BW xx.x
A32: Az Bar step xx.x
A33: Num Az Pos xxx.x
A34: Signal BW xxx.x
A35: ERP (dBm) | B35: Emitter Radiated Power (dBm)
A36: Ant Gain xx.x | B36: Antenna Gain
A37: 1st dwn xx.x
A38: 1st Az Lobe Pos xxx.x
A39: 2nd dwn xx.x
A40: 2nd Az Lobe Pos xxx.x
A41: Num EL Pos xxx
A42: El Sector Width xxx.x
A43: El Slew Rate x.xxxxx
A44: 1st Lobe Pos xxx.x
A45: 2nd Lobe Pos xxx.x
A46: Ant Pol x | B46: Antenna Polarization. Polarization values are listed in table 3-7.
A47: AI x | B47: Airborne Interceptor (0=no, 1= yes)
A48: Sq or Hex? x | B48: Antenna Pattern (
A49: Scan Type x | B49: Scan Type. The Scan Type values are listed in table 3-8.
A50: Locate? x | B50: Location Candidate (0=no, 1=yes)
A51: MF x | B51: MultiBeam Emitter (0=no, 1=yes)
A52: RF Agile x | B52: Radio Frequency Agility (0=no, 1=yes)
A53: Pd x.xxxxx | B53: Probablility of Detection
A54: Turn-on Range xxxx.xx
A55: Bi-Dir Azimuth x
A56: Bi-Dir Elevation x
A57: AI Speed xxxxx.x
A58: Weapons Range (miles) | B58: Range of Weapon associated with the Emitter (miles)
A59: BeamWidth (deg)
A60: ESM or ESM/RWR | B60: Indication of whether emitter is reported to the SDS (ESM/RWR) or only to the ESM (ESM)
A62: S/S
A63: TA
A64: TT
A65: TI
A66: mmW
A67: Alert 1
A68: Alert 2
A69: Alert 3
A70: Alert 4
A71: 20 Amb
A72: Notes
A73: HTW (y/n)
A74: Emitter Type (Land, Sea, Air) | B74: Emitter Type values are (Land, Sea, Aiir)

Sheet Freq Coverage

Sheet Sheet2
